"01.w_Defects/bit_shift.c:106","warning: The result of the '<<' expression is undefined [clang-analyzer-core.UndefinedBinaryOperatorResult]"
"01.w_Defects/bit_shift.c:133","warning: The result of the '<<' expression is undefined [clang-analyzer-core.UndefinedBinaryOperatorResult]"
"01.w_Defects/bit_shift.c:146","warning: The result of the '<<' expression is undefined [clang-analyzer-core.UndefinedBinaryOperatorResult]"
"01.w_Defects/bit_shift.c:163","warning: The result of the '<<' expression is undefined [clang-analyzer-core.UndefinedBinaryOperatorResult]"
"01.w_Defects/bit_shift.c:175","warning: The result of the '<<' expression is undefined [clang-analyzer-core.UndefinedBinaryOperatorResult]"
"01.w_Defects/bit_shift.c:193","warning: The result of the '<<' expression is undefined [clang-analyzer-core.UndefinedBinaryOperatorResult]"
"01.w_Defects/bit_shift.c:208","warning: The result of the '<<' expression is undefined [clang-analyzer-core.UndefinedBinaryOperatorResult]"
"01.w_Defects/bit_shift.c:21","warning: shift count >= width of type [clang-diagnostic-shift-count-overflow]"
"01.w_Defects/bit_shift.c:21","warning: The result of the '<<' expression is undefined [clang-analyzer-core.UndefinedBinaryOperatorResult]"
"01.w_Defects/bit_shift.c:225","warning: The result of the '<<' expression is undefined [clang-analyzer-core.UndefinedBinaryOperatorResult]"
"01.w_Defects/bit_shift.c:236","warning: shift count >= width of type [clang-diagnostic-shift-count-overflow]"
"01.w_Defects/bit_shift.c:236","warning: The result of the '<<' expression is undefined [clang-analyzer-core.UndefinedBinaryOperatorResult]"
"01.w_Defects/bit_shift.c:45","warning: shift count >= width of type [clang-diagnostic-shift-count-overflow]"
"01.w_Defects/bit_shift.c:45","warning: The result of the '<<' expression is undefined [clang-analyzer-core.UndefinedBinaryOperatorResult]"
"01.w_Defects/bit_shift.c:69","warning: shift count is negative [clang-diagnostic-shift-count-negative]"
"01.w_Defects/bit_shift.c:69","warning: The result of the '<<' expression is undefined [clang-analyzer-core.UndefinedBinaryOperatorResult]"
"01.w_Defects/bit_shift.c:81","warning: shift count >= width of type [clang-diagnostic-shift-count-overflow]"
"01.w_Defects/bit_shift.c:81","warning: The result of the '>>' expression is undefined [clang-analyzer-core.UndefinedBinaryOperatorResult]"
"01.w_Defects/bit_shift.c:93","warning: shift count is negative [clang-diagnostic-shift-count-negative]"
"01.w_Defects/bit_shift.c:93","warning: The result of the '>>' expression is undefined [clang-analyzer-core.UndefinedBinaryOperatorResult]"
"01.w_Defects/buffer_overrun_dynamic.c:332","warning: The right operand of '+' is a garbage value [clang-analyzer-core.UndefinedBinaryOperatorResult]"
"01.w_Defects/buffer_underrun_dynamic.c:177","warning: Dereference of undefined pointer value [clang-analyzer-core.NullDereference]"
"01.w_Defects/buffer_underrun_dynamic.c:647","warning: The left operand of '==' is a garbage value [clang-analyzer-core.UndefinedBinaryOperatorResult]"
"01.w_Defects/buffer_underrun_dynamic.c:700","warning: Value stored to 'c' is never read [clang-analyzer-deadcode.DeadStores]"
"01.w_Defects/buffer_underrun_dynamic.c:721","warning: The left operand of '!=' is a garbage value [clang-analyzer-core.UndefinedBinaryOperatorResult]"
"01.w_Defects/cmp_funcadr.c:26","warning: comparison of function 'cmp_funcadr_001_func_001' equal to a null pointer is always false [clang-diagnostic-tautological-pointer-compare]"
"01.w_Defects/cmp_funcadr.c:48","warning: comparison of function 'cmp_funcadr_002_func_001' equal to a null pointer is always false [clang-diagnostic-tautological-pointer-compare]"
"01.w_Defects/data_overflow.c:318","warning: overflow in expression; result is -2147483648 with type 'int' [clang-diagnostic-integer-overflow]"
"01.w_Defects/data_underflow.c:81","warning: overflow in expression; result is 2147483647 with type 'int' [clang-diagnostic-integer-overflow]"
"01.w_Defects/double_free.c:101","warning: Attempt to free released memory [clang-analyzer-unix.Malloc]"
"01.w_Defects/double_free.c:115","warning: Attempt to free released memory [clang-analyzer-unix.Malloc]"
"01.w_Defects/double_free.c:131","warning: Attempt to free released memory [clang-analyzer-unix.Malloc]"
"01.w_Defects/double_free.c:149","warning: Attempt to free released memory [clang-analyzer-unix.Malloc]"
"01.w_Defects/double_free.c:168","warning: Attempt to free released memory [clang-analyzer-unix.Malloc]"
"01.w_Defects/double_free.c:187","warning: Attempt to free released memory [clang-analyzer-unix.Malloc]"
"01.w_Defects/double_free.c:204","warning: Attempt to free released memory [clang-analyzer-unix.Malloc]"
"01.w_Defects/double_free.c:222","warning: Attempt to free released memory [clang-analyzer-unix.Malloc]"
"01.w_Defects/double_free.c:22","warning: Attempt to free released memory [clang-analyzer-unix.Malloc]"
"01.w_Defects/free_nondynamic_allocated_memory.c:103","warning: Argument to free() is the address of the local variable 'd', which is not memory allocated by malloc() [clang-analyzer-unix.Malloc]"
"01.w_Defects/free_nondynamic_allocated_memory.c:115","warning: Argument to free() is the address of a global variable, which is not memory allocated by malloc() [clang-analyzer-unix.Malloc]"
"01.w_Defects/free_nondynamic_allocated_memory.c:128","warning: Argument to free() is the address of a global variable, which is not memory allocated by malloc() [clang-analyzer-unix.Malloc]"
"01.w_Defects/free_nondynamic_allocated_memory.c:141","warning: Argument to free() is the address of a global variable, which is not memory allocated by malloc() [clang-analyzer-unix.Malloc]"
"01.w_Defects/free_nondynamic_allocated_memory.c:155","warning: Argument to free() is the address of a global variable, which is not memory allocated by malloc() [clang-analyzer-unix.Malloc]"
"01.w_Defects/free_nondynamic_allocated_memory.c:170","warning: Argument to free() is the address of a global variable, which is not memory allocated by malloc() [clang-analyzer-unix.Malloc]"
"01.w_Defects/free_nondynamic_allocated_memory.c:187","warning: Argument to free() is the address of a global variable, which is not memory allocated by malloc() [clang-analyzer-unix.Malloc]"
"01.w_Defects/free_nondynamic_allocated_memory.c:209","warning: Argument to free() is the address of the local variable 'str', which is not memory allocated by malloc() [clang-analyzer-unix.Malloc]"
"01.w_Defects/free_nondynamic_allocated_memory.c:229","warning: Argument to free() is the address of the local variable 'free_nondynamic_allocated_memory_st', which is not memory allocated by malloc() [clang-analyzer-unix.Malloc]"
"01.w_Defects/free_nondynamic_allocated_memory.c:22","warning: Argument to free() is the address of a global variable, which is not memory allocated by malloc() [clang-analyzer-unix.Malloc]"
"01.w_Defects/free_nondynamic_allocated_memory.c:239","warning: Argument to free() is the address of a global variable, which is not memory allocated by malloc() [clang-analyzer-unix.Malloc]"
"01.w_Defects/free_nondynamic_allocated_memory.c:262","warning: Argument to free() is the address of a global variable, which is not memory allocated by malloc() [clang-analyzer-unix.Malloc]"
"01.w_Defects/free_nondynamic_allocated_memory.c:36","warning: Argument to free() is the address of a global variable, which is not memory allocated by malloc() [clang-analyzer-unix.Malloc]"
"01.w_Defects/free_nondynamic_allocated_memory.c:48","warning: Argument to free() is the address of a global variable, which is not memory allocated by malloc() [clang-analyzer-unix.Malloc]"
"01.w_Defects/free_nondynamic_allocated_memory.c:62","warning: Argument to free() is the address of the local variable 'ptr1', which is not memory allocated by malloc() [clang-analyzer-unix.Malloc]"
"01.w_Defects/free_nondynamic_allocated_memory.c:82","warning: Dereference of null pointer [clang-analyzer-core.NullDereference]"
"01.w_Defects/free_nondynamic_allocated_memory.c:86","warning: Argument to free() is the address of the local variable 'pbuf', which is not memory allocated by malloc() [clang-analyzer-unix.Malloc]"
"01.w_Defects/free_nondynamic_allocated_memory.c:98","warning: Value stored to 'ptr2' during its initialization is never read [clang-analyzer-deadcode.DeadStores]"
"01.w_Defects/free_nondynamic_allocated_memory.c:99","warning: Value stored to 'ptr3' during its initialization is never read [clang-analyzer-deadcode.DeadStores]"
"01.w_Defects/free_null_pointer.c:109","warning: Call to function 'strcpy' is insecure as it does not provide bounding of the memory buffer. Replace unbounded copy functions with analogous functions that support length arguments such as 'strlcpy'. CWE-119 [clang-analyzer-security.insecureAPI.strcpy]"
"01.w_Defects/free_null_pointer.c:109","warning: Null pointer passed as an argument to a 'nonnull' parameter [clang-analyzer-core.NonNullParamChecker]"
"01.w_Defects/free_null_pointer.c:146","warning: Call to function 'strcpy' is insecure as it does not provide bounding of the memory buffer. Replace unbounded copy functions with analogous functions that support length arguments such as 'strlcpy'. CWE-119 [clang-analyzer-security.insecureAPI.strcpy]"
"01.w_Defects/free_null_pointer.c:241","warning: Call to function 'strcpy' is insecure as it does not provide bounding of the memory buffer. Replace unbounded copy functions with analogous functions that support length arguments such as 'strlcpy'. CWE-119 [clang-analyzer-security.insecureAPI.strcpy]"
"01.w_Defects/free_null_pointer.c:241","warning: Null pointer passed as an argument to a 'nonnull' parameter [clang-analyzer-core.NonNullParamChecker]"
"01.w_Defects/free_null_pointer.c:275","warning: Array access (from variable 'free_null_pointer_009dst') results in a null pointer dereference [clang-analyzer-core.NullDereference]"
"01.w_Defects/free_null_pointer.c:275","warning: Call to function 'strcpy' is insecure as it does not provide bounding of the memory buffer. Replace unbounded copy functions with analogous functions that support length arguments such as 'strlcpy'. CWE-119 [clang-analyzer-security.insecureAPI.strcpy]"
"01.w_Defects/free_null_pointer.c:320","warning: Call to function 'strcpy' is insecure as it does not provide bounding of the memory buffer. Replace unbounded copy functions with analogous functions that support length arguments such as 'strlcpy'. CWE-119 [clang-analyzer-security.insecureAPI.strcpy]"
"01.w_Defects/free_null_pointer.c:419","warning: Value stored to 'ret' is never read [clang-analyzer-deadcode.DeadStores]"
"01.w_Defects/free_null_pointer.c:420","warning: Value stored to 'p' is never read [clang-analyzer-deadcode.DeadStores]"
"01.w_Defects/free_null_pointer.c:452","warning: Dereference of null pointer [clang-analyzer-core.NullDereference]"
"01.w_Defects/free_null_pointer.c:452","warning: Value stored to 'a' is never read [clang-analyzer-deadcode.DeadStores]"
"01.w_Defects/free_null_pointer.c:483","warning: Dereference of null pointer [clang-analyzer-core.NullDereference]"
"01.w_Defects/function_return_value_unchecked.c:108","warning: Call to function 'strcpy' is insecure as it does not provide bounding of the memory buffer. Replace unbounded copy functions with analogous functions that support length arguments such as 'strlcpy'. CWE-119 [clang-analyzer-security.insecureAPI.strcpy]"
"01.w_Defects/function_return_value_unchecked.c:393","warning: Value stored to 'i' is never read [clang-analyzer-deadcode.DeadStores]"
"01.w_Defects/function_return_value_unchecked.c:398","warning: Value stored to 'i' is never read [clang-analyzer-deadcode.DeadStores]"
"01.w_Defects/improper_termination_of_block.c:38","warning: if statement has empty body [clang-diagnostic-empty-body]"
"01.w_Defects/insign_code.c:24","warning: Value stored to 'i' is never read [clang-analyzer-deadcode.DeadStores]"
"01.w_Defects/invalid_memory_access.c:102","warning: Call to function 'strcpy' is insecure as it does not provide bounding of the memory buffer. Replace unbounded copy functions with analogous functions that support length arguments such as 'strlcpy'. CWE-119 [clang-analyzer-security.insecureAPI.strcpy]"
"01.w_Defects/invalid_memory_access.c:133","warning: Use of memory after it is freed [clang-analyzer-unix.Malloc]"
"01.w_Defects/invalid_memory_access.c:147","warning: Value stored to 'count' is never read [clang-analyzer-deadcode.DeadStores]"
"01.w_Defects/invalid_memory_access.c:181","warning: Dereference of null pointer [clang-analyzer-core.NullDereference]"
"01.w_Defects/invalid_memory_access.c:205","warning: Call to function 'strcpy' is insecure as it does not provide bounding of the memory buffer. Replace unbounded copy functions with analogous functions that support length arguments such as 'strlcpy'. CWE-119 [clang-analyzer-security.insecureAPI.strcpy]"
"01.w_Defects/invalid_memory_access.c:210","warning: Call to function 'strcpy' is insecure as it does not provide bounding of the memory buffer. Replace unbounded copy functions with analogous functions that support length arguments such as 'strlcpy'. CWE-119 [clang-analyzer-security.insecureAPI.strcpy]"
"01.w_Defects/invalid_memory_access.c:224","warning: Use of memory after it is freed [clang-analyzer-unix.Malloc]"
"01.w_Defects/invalid_memory_access.c:265","warning: Access to field 'a' results in a dereference of a null pointer (loaded from field 's1') [clang-analyzer-core.NullDereference]"
"01.w_Defects/invalid_memory_access.c:270","warning: Use of memory after it is freed [clang-analyzer-unix.Malloc]"
"01.w_Defects/invalid_memory_access.c:33","warning: pointer/integer type mismatch in conditional expression ('int *' and 'int') [clang-diagnostic-conditional-type-mismatch]"
"01.w_Defects/invalid_memory_access.c:371","warning: Access to field 'a' results in a dereference of a null pointer (loaded from variable 's') [clang-analyzer-core.NullDereference]"
"01.w_Defects/invalid_memory_access.c:371","warning: Use of memory after it is freed [clang-analyzer-unix.Malloc]"
"01.w_Defects/invalid_memory_access.c:410","warning: Value stored to 'i' is never read [clang-analyzer-deadcode.DeadStores]"
"01.w_Defects/invalid_memory_access.c:422","warning: Value stored to 'i' is never read [clang-analyzer-deadcode.DeadStores]"
"01.w_Defects/invalid_memory_access.c:432","warning: Access to field 'a' results in a dereference of a null pointer (loaded from variable 'invalid_memory_access_013_s_001_s_gbl') [clang-analyzer-core.NullDereference]"
"01.w_Defects/invalid_memory_access.c:432","warning: Use of memory after it is freed [clang-analyzer-unix.Malloc]"
"01.w_Defects/invalid_memory_access.c:45","warning: Dereference of null pointer [clang-analyzer-core.NullDereference]"
"01.w_Defects/invalid_memory_access.c:45","warning: Use of memory after it is freed [clang-analyzer-unix.Malloc]"
"01.w_Defects/invalid_memory_access.c:45","warning: Value stored to 'a' is never read [clang-analyzer-deadcode.DeadStores]"
"01.w_Defects/invalid_memory_access.c:516","warning: Use of memory after it is freed [clang-analyzer-unix.Malloc]"
"01.w_Defects/invalid_memory_access.c:532","warning: Value stored to 'str' is never read [clang-analyzer-deadcode.DeadStores]"
"01.w_Defects/invalid_memory_access.c:560","warning: Call to function 'strcpy' is insecure as it does not provide bounding of the memory buffer. Replace unbounded copy functions with analogous functions that support length arguments such as 'strlcpy'. CWE-119 [clang-analyzer-security.insecureAPI.strcpy]"
"01.w_Defects/invalid_memory_access.c:568","warning: Array access (from variable 'invalid_memory_access_016_doubleptr_gbl') results in a null pointer dereference [clang-analyzer-core.NullDereference]"
"01.w_Defects/invalid_memory_access.c:568","warning: Call to function 'strcpy' is insecure as it does not provide bounding of the memory buffer. Replace unbounded copy functions with analogous functions that support length arguments such as 'strlcpy'. CWE-119 [clang-analyzer-security.insecureAPI.strcpy]"
"01.w_Defects/invalid_memory_access.c:611","warning: Call to function 'strcpy' is insecure as it does not provide bounding of the memory buffer. Replace unbounded copy functions with analogous functions that support length arguments such as 'strlcpy'. CWE-119 [clang-analyzer-security.insecureAPI.strcpy]"
"01.w_Defects/invalid_memory_access.c:622","warning: Call to function 'strcpy' is insecure as it does not provide bounding of the memory buffer. Replace unbounded copy functions with analogous functions that support length arguments such as 'strlcpy'. CWE-119 [clang-analyzer-security.insecureAPI.strcpy]"
"01.w_Defects/invalid_memory_access.c:622","warning: Use of memory after it is freed [clang-analyzer-unix.Malloc]"
"01.w_Defects/invalid_memory_access.c:84","warning: Use of memory after it is freed [clang-analyzer-unix.Malloc]"
"01.w_Defects/littlemem_st.c:36","warning: Value stored to 'ret' is never read [clang-analyzer-deadcode.DeadStores]"
"01.w_Defects/littlemem_st.c:93","warning: Address of stack memory associated with local variable 'buf' is still referred to by the global variable 'littlemem_st_004_s_001_gbl_str' upon returning to the caller. This will be a dangling reference [clang-analyzer-core.StackAddressEscape]"
"01.w_Defects/lock_never_unlock.c:228","warning: Value stored to 'ip' is never read [clang-analyzer-deadcode.DeadStores]"
"01.w_Defects/lock_never_unlock.c:325","warning: Value stored to 'ip' is never read [clang-analyzer-deadcode.DeadStores]"
"01.w_Defects/memory_allocation_failure.c:268","warning: Potential memory leak [clang-analyzer-unix.Malloc]"
"01.w_Defects/memory_allocation_failure.c:281","warning: Value stored to 'buf' is never read [clang-analyzer-deadcode.DeadStores]"
"01.w_Defects/memory_allocation_failure.c:447","warning: Value stored to 'a' is never read [clang-analyzer-deadcode.DeadStores]"
"01.w_Defects/memory_allocation_failure.c:494","warning: Call to function 'strcpy' is insecure as it does not provide bounding of the memory buffer. Replace unbounded copy functions with analogous functions that support length arguments such as 'strlcpy'. CWE-119 [clang-analyzer-security.insecureAPI.strcpy]"
"01.w_Defects/memory_allocation_failure.c:513","warning: Function call argument is an uninitialized value [clang-analyzer-core.CallAndMessage]"
"01.w_Defects/memory_allocation_failure.c:576","warning: Call to function 'strcpy' is insecure as it does not provide bounding of the memory buffer. Replace unbounded copy functions with analogous functions that support length arguments such as 'strlcpy'. CWE-119 [clang-analyzer-security.insecureAPI.strcpy]"
"01.w_Defects/memory_allocation_failure.c:81","warning: Dereference of null pointer [clang-analyzer-core.NullDereference]"
"01.w_Defects/memory_leak.c:120","warning: Potential leak of memory pointed to by 'ptr' [clang-analyzer-unix.Malloc]"
"01.w_Defects/memory_leak.c:151","warning: Potential leak of memory pointed to by 'dptr' [clang-analyzer-unix.Malloc]"
"01.w_Defects/memory_leak.c:212","warning: Value stored to 'p' during its initialization is never read [clang-analyzer-deadcode.DeadStores]"
"01.w_Defects/memory_leak.c:219","warning: Potential leak of memory pointed to by 'p' [clang-analyzer-unix.Malloc]"
"01.w_Defects/memory_leak.c:228","warning: Value stored to 'p' during its initialization is never read [clang-analyzer-deadcode.DeadStores]"
"01.w_Defects/memory_leak.c:232","warning: implicit conversion from 'double' to 'int' changes value from 1.5 to 1 [clang-diagnostic-literal-conversion]"
"01.w_Defects/memory_leak.c:236","warning: Potential leak of memory pointed to by 'p' [clang-analyzer-unix.Malloc]"
"01.w_Defects/memory_leak.c:245","warning: Value stored to 'p1' during its initialization is never read [clang-analyzer-deadcode.DeadStores]"
"01.w_Defects/memory_leak.c:248","warning: Potential leak of memory pointed to by 'p1' [clang-analyzer-unix.Malloc]"
"01.w_Defects/memory_leak.c:270","warning: Call to function 'strcpy' is insecure as it does not provide bounding of the memory buffer. Replace unbounded copy functions with analogous functions that support length arguments such as 'strlcpy'. CWE-119 [clang-analyzer-security.insecureAPI.strcpy]"
"01.w_Defects/memory_leak.c:276","warning: Potential leak of memory pointed to by 'un.u1' [clang-analyzer-unix.Malloc]"
"01.w_Defects/memory_leak.c:276","warning: Value stored to 'buf' is never read [clang-analyzer-deadcode.DeadStores]"
"01.w_Defects/memory_leak.c:308","warning: Value stored to 'p' during its initialization is never read [clang-analyzer-deadcode.DeadStores]"
"01.w_Defects/memory_leak.c:311","warning: Potential leak of memory pointed to by 'p' [clang-analyzer-unix.Malloc]"
"01.w_Defects/memory_leak.c:359","warning: Potential leak of memory pointed to by 'p' [clang-analyzer-unix.Malloc]"
"01.w_Defects/memory_leak.c:372","warning: Value stored to 'fptr' during its initialization is never read [clang-analyzer-deadcode.DeadStores]"
"01.w_Defects/memory_leak.c:382","warning: Value stored to 'fptr1' is never read [clang-analyzer-deadcode.DeadStores]"
"01.w_Defects/memory_leak.c:384","warning: Potential leak of memory pointed to by 'fptr1' [clang-analyzer-unix.Malloc]"
"01.w_Defects/memory_leak.c:402","warning: Call to function 'strcpy' is insecure as it does not provide bounding of the memory buffer. Replace unbounded copy functions with analogous functions that support length arguments such as 'strlcpy'. CWE-119 [clang-analyzer-security.insecureAPI.strcpy]"
"01.w_Defects/memory_leak.c:404","warning: Potential leak of memory pointed to by 'str1' [clang-analyzer-unix.Malloc]"
"01.w_Defects/memory_leak.c:424","warning: Call to function 'strcpy' is insecure as it does not provide bounding of the memory buffer. Replace unbounded copy functions with analogous functions that support length arguments such as 'strlcpy'. CWE-119 [clang-analyzer-security.insecureAPI.strcpy]"
"01.w_Defects/memory_leak.c:424","warning: Null pointer passed as an argument to a 'nonnull' parameter [clang-analyzer-core.NonNullParamChecker]"
"01.w_Defects/memory_leak.c:517","warning: Call to function 'strcpy' is insecure as it does not provide bounding of the memory buffer. Replace unbounded copy functions with analogous functions that support length arguments such as 'strlcpy'. CWE-119 [clang-analyzer-security.insecureAPI.strcpy]"
"01.w_Defects/memory_leak.c:73","warning: Call to function 'strcpy' is insecure as it does not provide bounding of the memory buffer. Replace unbounded copy functions with analogous functions that support length arguments such as 'strlcpy'. CWE-119 [clang-analyzer-security.insecureAPI.strcpy]"
"01.w_Defects/memory_leak.c:74","warning: Potential leak of memory pointed to by 'str1' [clang-analyzer-unix.Malloc]"
"01.w_Defects/memory_leak.c:96","warning: Access to field 'buf' results in a dereference of a null pointer [clang-analyzer-core.NullDereference]"
"01.w_Defects/memory_leak.c:96","warning: Call to function 'strcpy' is insecure as it does not provide bounding of the memory buffer. Replace unbounded copy functions with analogous functions that support length arguments such as 'strlcpy'. CWE-119 [clang-analyzer-security.insecureAPI.strcpy]"
"01.w_Defects/not_return.c:24","warning: control may reach end of non-void function [clang-diagnostic-return-type]"
"01.w_Defects/not_return.c:50","warning: control may reach end of non-void function [clang-diagnostic-return-type]"
"01.w_Defects/not_return.c:76","warning: control may reach end of non-void function [clang-diagnostic-return-type]"
"01.w_Defects/not_return.c:99","warning: control may reach end of non-void function [clang-diagnostic-return-type]"
"01.w_Defects/null_pointer.c:117","warning: Dereference of null pointer (loaded from variable 'p') [clang-analyzer-core.NullDereference]"
"01.w_Defects/null_pointer.c:142","warning: Dereference of null pointer (loaded from variable 'p') [clang-analyzer-core.NullDereference]"
"01.w_Defects/null_pointer.c:159","warning: Dereference of null pointer (loaded from variable 'p1') [clang-analyzer-core.NullDereference]"
"01.w_Defects/null_pointer.c:173","warning: Dereference of null pointer (loaded from variable 'p2') [clang-analyzer-core.NullDereference]"
"01.w_Defects/null_pointer.c:180","warning: Array access (from variable 'p') results in a null pointer dereference [clang-analyzer-core.NullDereference]"
"01.w_Defects/null_pointer.c:238","warning: Call to function 'strcpy' is insecure as it does not provide bounding of the memory buffer. Replace unbounded copy functions with analogous functions that support length arguments such as 'strlcpy'. CWE-119 [clang-analyzer-security.insecureAPI.strcpy]"
"01.w_Defects/null_pointer.c:238","warning: Null pointer passed as an argument to a 'nonnull' parameter [clang-analyzer-core.NonNullParamChecker]"
"01.w_Defects/null_pointer.c:23","warning: Dereference of null pointer (loaded from variable 'p') [clang-analyzer-core.NullDereference]"
"01.w_Defects/null_pointer.c:334","warning: Array access (from variable 'null_pointer_017dst') results in a null pointer dereference [clang-analyzer-core.NullDereference]"
"01.w_Defects/null_pointer.c:334","warning: Call to function 'strcpy' is insecure as it does not provide bounding of the memory buffer. Replace unbounded copy functions with analogous functions that support length arguments such as 'strlcpy'. CWE-119 [clang-analyzer-security.insecureAPI.strcpy]"
"01.w_Defects/null_pointer.c:34","warning: Dereference of null pointer (loaded from variable 'p') [clang-analyzer-core.NullDereference]"
"01.w_Defects/null_pointer.c:47","warning: Dereference of null pointer [clang-analyzer-core.NullDereference]"
"01.w_Defects/null_pointer.c:63","warning: Access to field 'a' results in a dereference of a null pointer (loaded from variable 'p') [clang-analyzer-core.NullDereference]"
"01.w_Defects/null_pointer.c:94","warning: Dereference of null pointer [clang-analyzer-core.NullDereference]"
"01.w_Defects/overrun_st.c:158","warning: array index 5 is past the end of the array (which contains 5 elements) [clang-diagnostic-array-bounds]"
"01.w_Defects/overrun_st.c:21","warning: array index 5 is past the end of the array (which contains 5 elements) [clang-diagnostic-array-bounds]"
"01.w_Defects/overrun_st.c:320","warning: Assigned value is garbage or undefined [clang-analyzer-core.uninitialized.Assign]"
"01.w_Defects/overrun_st.c:320","warning: Value stored to 'ret' is never read [clang-analyzer-deadcode.DeadStores]"
"01.w_Defects/overrun_st.c:32","warning: array index 5 is past the end of the array (which contains 5 elements) [clang-diagnostic-array-bounds]"
"01.w_Defects/overrun_st.c:44","warning: array index 5 is past the end of the array (which contains 5 elements) [clang-diagnostic-array-bounds]"
"01.w_Defects/overrun_st.c:44","warning: Assigned value is garbage or undefined [clang-analyzer-core.uninitialized.Assign]"
"01.w_Defects/overrun_st.c:44","warning: Value stored to 'ret' is never read [clang-analyzer-deadcode.DeadStores]"
"01.w_Defects/overrun_st.c:55","warning: array index 5 is past the end of the array (which contains 5 elements) [clang-diagnostic-array-bounds]"
"01.w_Defects/overrun_st.c:66","warning: array index 5 is past the end of the array (which contains 5 elements) [clang-diagnostic-array-bounds]"
"01.w_Defects/overrun_st.c:706","warning: array index 5 is past the end of the array (which contains 5 elements) [clang-diagnostic-array-bounds]"
"01.w_Defects/overrun_st.c:749","warning: array index 5 is past the end of the array (which contains 5 elements) [clang-diagnostic-array-bounds]"
"01.w_Defects/overrun_st.c:77","warning: array index 5 is past the end of the array (which contains 5 elements) [clang-diagnostic-array-bounds]"
"01.w_Defects/overrun_st.c:88","warning: array index 5 is past the end of the array (which contains 5 elements) [clang-diagnostic-array-bounds]"
"01.w_Defects/ow_memcpy.c:41","warning: Assigned value is garbage or undefined [clang-analyzer-core.uninitialized.Assign]"
"01.w_Defects/ptr_subtraction.c:35","warning: Value stored to 'buf' is never read [clang-analyzer-deadcode.DeadStores]"
"01.w_Defects/race_condition.c:332","warning: Value stored to 'ip' is never read [clang-analyzer-deadcode.DeadStores]"
"01.w_Defects/race_condition.c:352","warning: Value stored to 'ip' is never read [clang-analyzer-deadcode.DeadStores]"
"01.w_Defects/return_local.c:19","warning: address of stack memory associated with local variable 'buf' returned [clang-diagnostic-return-stack-address]"
"01.w_Defects/return_local.c:19","warning: Address of stack memory associated with local variable 'buf' returned to caller [clang-analyzer-core.StackAddressEscape]"
"01.w_Defects/sleep_lock.c:28","warning: 'NULL' macro redefined [clang-diagnostic-macro-redefined]"
"01.w_Defects/st_cross_thread_access.c:144","warning: Address of stack memory associated with local variable 'arr' is still referred to by the global variable 'st_cross_thread_access_002_glb_ptr' upon returning to the caller. This will be a dangling reference [clang-analyzer-core.StackAddressEscape]"
"01.w_Defects/st_cross_thread_access.c:232","warning: Address of stack memory associated with local variable 'fptr' is still referred to by the global variable 'st_cross_thread_access_003_glb_ptr' upon returning to the caller. This will be a dangling reference [clang-analyzer-core.StackAddressEscape]"
"01.w_Defects/st_cross_thread_access.c:335","warning: Call to function 'strcpy' is insecure as it does not provide bounding of the memory buffer. Replace unbounded copy functions with analogous functions that support length arguments such as 'strlcpy'. CWE-119 [clang-analyzer-security.insecureAPI.strcpy]"
"01.w_Defects/st_cross_thread_access.c:400","warning: Address of stack memory associated with local variable 'arr1' is still referred to by the global variable 'p' upon returning to the caller. This will be a dangling reference [clang-analyzer-core.StackAddressEscape]"
"01.w_Defects/st_cross_thread_access.c:56","warning: Address of stack memory associated with local variable 'arr' is still referred to by the global variable 'st_cross_thread_access_001_glb_ptr' upon returning to the caller. This will be a dangling reference [clang-analyzer-core.StackAddressEscape]"
"01.w_Defects/stubs.c:36","warning: '/*' within block comment [clang-diagnostic-comment]"
"01.w_Defects/st_underrun.c:115","warning: Call to function 'strcpy' is insecure as it does not provide bounding of the memory buffer. Replace unbounded copy functions with analogous functions that support length arguments such as 'strlcpy'. CWE-119 [clang-analyzer-security.insecureAPI.strcpy]"
"01.w_Defects/st_underrun.c:137","warning: Value stored to 's2' is never read [clang-analyzer-deadcode.DeadStores]"
"01.w_Defects/st_underrun.c:169","warning: Call to function 'strcpy' is insecure as it does not provide bounding of the memory buffer. Replace unbounded copy functions with analogous functions that support length arguments such as 'strlcpy'. CWE-119 [clang-analyzer-security.insecureAPI.strcpy]"
"01.w_Defects/st_underrun.c:195","warning: Value stored to 'c' is never read [clang-analyzer-deadcode.DeadStores]"
"01.w_Defects/st_underrun.c:204","warning: Call to function 'strcpy' is insecure as it does not provide bounding of the memory buffer. Replace unbounded copy functions with analogous functions that support length arguments such as 'strlcpy'. CWE-119 [clang-analyzer-security.insecureAPI.strcpy]"
"01.w_Defects/st_underrun.c:204","warning: String copy function overflows destination buffer [clang-analyzer-]"
"01.w_Defects/st_underrun.c:229","warning: Value stored to 'c' is never read [clang-analyzer-deadcode.DeadStores]"
"01.w_Defects/st_underrun.c:23","warning: Call to function 'strcpy' is insecure as it does not provide bounding of the memory buffer. Replace unbounded copy functions with analogous functions that support length arguments such as 'strlcpy'. CWE-119 [clang-analyzer-security.insecureAPI.strcpy]"
"01.w_Defects/st_underrun.c:61","warning: Call to function 'strcpy' is insecure as it does not provide bounding of the memory buffer. Replace unbounded copy functions with analogous functions that support length arguments such as 'strlcpy'. CWE-119 [clang-analyzer-security.insecureAPI.strcpy]"
"01.w_Defects/st_underrun.c:80","warning: Call to function 'strcpy' is insecure as it does not provide bounding of the memory buffer. Replace unbounded copy functions with analogous functions that support length arguments such as 'strlcpy'. CWE-119 [clang-analyzer-security.insecureAPI.strcpy]"
"01.w_Defects/underrun_st.c:21","warning: array index -1 is before the beginning of the array [clang-diagnostic-array-bounds]"
"01.w_Defects/underrun_st.c:21","warning: Assigned value is garbage or undefined [clang-analyzer-core.uninitialized.Assign]"
"01.w_Defects/underrun_st.c:21","warning: Value stored to 'ret' is never read [clang-analyzer-deadcode.DeadStores]"
"01.w_Defects/underrun_st.c:31","warning: array index -1 is before the beginning of the array [clang-diagnostic-array-bounds]"
"01.w_Defects/underrun_st.c:55","warning: Assigned value is garbage or undefined [clang-analyzer-core.uninitialized.Assign]"
"01.w_Defects/underrun_st.c:55","warning: Value stored to 'ret' is never read [clang-analyzer-deadcode.DeadStores]"
"01.w_Defects/uninit_memory_access.c:126","warning: Function call argument is an uninitialized value [clang-analyzer-core.CallAndMessage]"
"01.w_Defects/uninit_memory_access.c:168","warning: Value stored to 'temp' is never read [clang-analyzer-deadcode.DeadStores]"
"01.w_Defects/uninit_memory_access.c:199","warning: Assigned value is garbage or undefined [clang-analyzer-core.uninitialized.Assign]"
"01.w_Defects/uninit_memory_access.c:26","warning: Function call argument is an uninitialized value [clang-analyzer-core.CallAndMessage]"
"01.w_Defects/uninit_memory_access.c:318","warning: Function call argument is an uninitialized value [clang-analyzer-core.CallAndMessage]"
"01.w_Defects/uninit_memory_access.c:418","warning: Value stored to 'ret' is never read [clang-analyzer-deadcode.DeadStores]"
"01.w_Defects/uninit_memory_access.c:419","warning: Argument to free() is a constant address (18446744073709551615), which is not memory allocated by malloc() [clang-analyzer-unix.Malloc]"
"01.w_Defects/uninit_memory_access.c:53","warning: Call to function 'strcpy' is insecure as it does not provide bounding of the memory buffer. Replace unbounded copy functions with analogous functions that support length arguments such as 'strlcpy'. CWE-119 [clang-analyzer-security.insecureAPI.strcpy]"
"01.w_Defects/uninit_memory_access.c:53","warning: Function call argument is an uninitialized value [clang-analyzer-core.CallAndMessage]"
"01.w_Defects/uninit_memory_access.c:73","warning: Dereference of null pointer [clang-analyzer-core.NullDereference]"
"01.w_Defects/uninit_memory_access.c:97","warning: Assigned value is garbage or undefined [clang-analyzer-core.uninitialized.Assign]"
"01.w_Defects/uninit_memory_access.c:97","warning: Value stored to 'k' is never read [clang-analyzer-deadcode.DeadStores]"
"01.w_Defects/uninit_pointer.c:103","warning: Dereference of undefined pointer value [clang-analyzer-core.NullDereference]"
"01.w_Defects/uninit_pointer.c:124","warning: Potential leak of memory pointed to by 'buf1' [clang-analyzer-unix.Malloc]"
"01.w_Defects/uninit_pointer.c:124","warning: Potential leak of memory pointed to by 'buf3' [clang-analyzer-unix.Malloc]"
"01.w_Defects/uninit_pointer.c:124","warning: Potential leak of memory pointed to by 'buf4' [clang-analyzer-unix.Malloc]"
"01.w_Defects/uninit_pointer.c:124","warning: Potential leak of memory pointed to by 'buf5' [clang-analyzer-unix.Malloc]"
"01.w_Defects/uninit_pointer.c:130","warning: The left operand of '+' is a garbage value [clang-analyzer-core.UndefinedBinaryOperatorResult]"
"01.w_Defects/uninit_pointer.c:151","warning: Assigned value is garbage or undefined [clang-analyzer-core.uninitialized.Assign]"
"01.w_Defects/uninit_pointer.c:186","warning: Call to function 'strcpy' is insecure as it does not provide bounding of the memory buffer. Replace unbounded copy functions with analogous functions that support length arguments such as 'strlcpy'. CWE-119 [clang-analyzer-security.insecureAPI.strcpy]"
"01.w_Defects/uninit_pointer.c:186","warning: Function call argument is an uninitialized value [clang-analyzer-core.CallAndMessage]"
"01.w_Defects/uninit_pointer.c:199","warning: Assigned value is garbage or undefined [clang-analyzer-core.uninitialized.Assign]"
"01.w_Defects/uninit_pointer.c:199","warning: Value stored to 'buf' is never read [clang-analyzer-deadcode.DeadStores]"
"01.w_Defects/uninit_pointer.c:214","warning: Result of 'malloc' is converted to a pointer of type 'unsigned int', which is incompatible with sizeof operand type 'unsigned int *' [clang-analyzer-unix.MallocSizeof]"
"01.w_Defects/uninit_pointer.c:29","warning: Dereference of undefined pointer value [clang-analyzer-core.NullDereference]"
"01.w_Defects/uninit_pointer.c:29","warning: Value stored to 'ret' is never read [clang-analyzer-deadcode.DeadStores]"
"01.w_Defects/uninit_pointer.c:334","warning: Value stored to 'r' is never read [clang-analyzer-deadcode.DeadStores]"
"01.w_Defects/uninit_pointer.c:357","warning: Function call argument is an uninitialized value [clang-analyzer-core.CallAndMessage]"
"01.w_Defects/uninit_pointer.c:384","warning: Call to function 'strcpy' is insecure as it does not provide bounding of the memory buffer. Replace unbounded copy functions with analogous functions that support length arguments such as 'strlcpy'. CWE-119 [clang-analyzer-security.insecureAPI.strcpy]"
"01.w_Defects/uninit_pointer.c:405","warning: Call to function 'strcpy' is insecure as it does not provide bounding of the memory buffer. Replace unbounded copy functions with analogous functions that support length arguments such as 'strlcpy'. CWE-119 [clang-analyzer-security.insecureAPI.strcpy]"
"01.w_Defects/uninit_pointer.c:40","warning: Dereference of undefined pointer value [clang-analyzer-core.NullDereference]"
"01.w_Defects/uninit_pointer.c:412","warning: Potential leak of memory pointed to by 's' [clang-analyzer-unix.Malloc]"
"01.w_Defects/uninit_pointer.c:54","warning: Dereference of undefined pointer value [clang-analyzer-core.NullDereference]"
"01.w_Defects/uninit_pointer.c:54","warning: Value stored to 'ret' is never read [clang-analyzer-deadcode.DeadStores]"
"01.w_Defects/uninit_pointer.c:64","warning: Value stored to 'ret' is never read [clang-analyzer-deadcode.DeadStores]"
"01.w_Defects/uninit_pointer.c:70","warning: Function call argument is an uninitialized value [clang-analyzer-core.CallAndMessage]"
"01.w_Defects/uninit_pointer.c:80","warning: Value stored to 'buf2' during its initialization is never read [clang-analyzer-deadcode.DeadStores]"
"01.w_Defects/uninit_pointer.c:89","warning: Dereference of undefined pointer value [clang-analyzer-core.NullDereference]"
"01.w_Defects/uninit_pointer.c:89","warning: Value stored to 'ret' is never read [clang-analyzer-deadcode.DeadStores]"
"01.w_Defects/uninit_var.c:110","warning: Assigned value is garbage or undefined [clang-analyzer-core.uninitialized.Assign]"
"01.w_Defects/uninit_var.c:110","warning: Value stored to 'ret' is never read [clang-analyzer-deadcode.DeadStores]"
"01.w_Defects/uninit_var.c:141","warning: Call to function 'strcpy' is insecure as it does not provide bounding of the memory buffer. Replace unbounded copy functions with analogous functions that support length arguments such as 'strlcpy'. CWE-119 [clang-analyzer-security.insecureAPI.strcpy]"
"01.w_Defects/uninit_var.c:160","warning: Assigned value is garbage or undefined [clang-analyzer-core.uninitialized.Assign]"
"01.w_Defects/uninit_var.c:176","warning: The left operand of '>' is a garbage value [clang-analyzer-core.UndefinedBinaryOperatorResult]"
"01.w_Defects/uninit_var.c:185","warning: Value stored to 'p' is never read [clang-analyzer-deadcode.DeadStores]"
"01.w_Defects/uninit_var.c:227","warning: Value stored to 'r' is never read [clang-analyzer-deadcode.DeadStores]"
"01.w_Defects/uninit_var.c:22","warning: Assigned value is garbage or undefined [clang-analyzer-core.uninitialized.Assign]"
"01.w_Defects/uninit_var.c:22","warning: Value stored to 'ret' is never read [clang-analyzer-deadcode.DeadStores]"
"01.w_Defects/uninit_var.c:242","warning: Undefined or garbage value returned to caller [clang-analyzer-core.uninitialized.UndefReturn]"
"01.w_Defects/uninit_var.c:248","warning: Value stored to 'a' is never read [clang-analyzer-deadcode.DeadStores]"
"01.w_Defects/uninit_var.c:275","warning: Value stored to 'r' is never read [clang-analyzer-deadcode.DeadStores]"
"01.w_Defects/uninit_var.c:295","warning: Assigned value is garbage or undefined [clang-analyzer-core.uninitialized.Assign]"
"01.w_Defects/uninit_var.c:295","warning: Value stored to 'ret' is never read [clang-analyzer-deadcode.DeadStores]"
"01.w_Defects/uninit_var.c:33","warning: Assigned value is garbage or undefined [clang-analyzer-core.uninitialized.Assign]"
"01.w_Defects/uninit_var.c:33","warning: Value stored to 'ret' is never read [clang-analyzer-deadcode.DeadStores]"
"01.w_Defects/uninit_var.c:44","warning: Assigned value is garbage or undefined [clang-analyzer-core.uninitialized.Assign]"
"01.w_Defects/uninit_var.c:44","warning: Value stored to 'ret' is never read [clang-analyzer-deadcode.DeadStores]"
"01.w_Defects/uninit_var.c:62","warning: Assigned value is garbage or undefined [clang-analyzer-core.uninitialized.Assign]"
"01.w_Defects/uninit_var.c:62","warning: Value stored to 'ret' is never read [clang-analyzer-deadcode.DeadStores]"
"01.w_Defects/uninit_var.c:74","warning: Undefined or garbage value returned to caller [clang-analyzer-core.uninitialized.UndefReturn]"
"01.w_Defects/uninit_var.c:80","warning: Value stored to 'a' is never read [clang-analyzer-deadcode.DeadStores]"
"01.w_Defects/uninit_var.c:91","warning: Assigned value is garbage or undefined [clang-analyzer-core.uninitialized.Assign]"
"01.w_Defects/unlock_without_lock.c:393","warning: Call to function 'strcpy' is insecure as it does not provide bounding of the memory buffer. Replace unbounded copy functions with analogous functions that support length arguments such as 'strlcpy'. CWE-119 [clang-analyzer-security.insecureAPI.strcpy]"
"01.w_Defects/unused_var.c:23","warning: Value stored to 'unuse' is never read [clang-analyzer-deadcode.DeadStores]"
"01.w_Defects/wrong_arguments_func_pointer.c:113","warning: Value stored to 'ret' is never read [clang-analyzer-deadcode.DeadStores]"
"01.w_Defects/wrong_arguments_func_pointer.c:140","warning: Value stored to 'ret' is never read [clang-analyzer-deadcode.DeadStores]"
"01.w_Defects/wrong_arguments_func_pointer.c:160","warning: Function taking 2 arguments is called with less (1) [clang-analyzer-core.CallAndMessage]"
"01.w_Defects/wrong_arguments_func_pointer.c:160","warning: Value stored to 'ret' is never read [clang-analyzer-deadcode.DeadStores]"
"01.w_Defects/wrong_arguments_func_pointer.c:181","warning: Value stored to 'ret' is never read [clang-analyzer-deadcode.DeadStores]"
"01.w_Defects/wrong_arguments_func_pointer.c:200","warning: Value stored to 'ret' is never read [clang-analyzer-deadcode.DeadStores]"
"01.w_Defects/wrong_arguments_func_pointer.c:212","warning: Call to function 'strcat' is insecure as it does not provide bounding of the memory buffer. Replace unbounded copy functions with analogous functions that support length arguments such as 'strlcat'. CWE-119 [clang-analyzer-security.insecureAPI.strcpy]"
"01.w_Defects/wrong_arguments_func_pointer.c:213","warning: Call to function 'strcpy' is insecure as it does not provide bounding of the memory buffer. Replace unbounded copy functions with analogous functions that support length arguments such as 'strlcpy'. CWE-119 [clang-analyzer-security.insecureAPI.strcpy]"
"01.w_Defects/wrong_arguments_func_pointer.c:224","warning: Potential leak of memory pointed to by 'str3' [clang-analyzer-unix.Malloc]"
"01.w_Defects/wrong_arguments_func_pointer.c:224","warning: Value stored to 'ret' is never read [clang-analyzer-deadcode.DeadStores]"
"01.w_Defects/wrong_arguments_func_pointer.c:281","warning: Value stored to 'temp' is never read [clang-analyzer-deadcode.DeadStores]"
"01.w_Defects/wrong_arguments_func_pointer.c:336","warning: The left expression of the compound assignment is an uninitialized value. The computed value will also be garbage [clang-analyzer-core.uninitialized.Assign]"
"01.w_Defects/wrong_arguments_func_pointer.c:380","warning: Function taking 2 arguments is called with less (1) [clang-analyzer-core.CallAndMessage]"
"01.w_Defects/wrong_arguments_func_pointer.c:381","warning: Call to function 'strcpy' is insecure as it does not provide bounding of the memory buffer. Replace unbounded copy functions with analogous functions that support length arguments such as 'strlcpy'. CWE-119 [clang-analyzer-security.insecureAPI.strcpy]"
"01.w_Defects/wrong_arguments_func_pointer.c:422","warning: Function taking 2 arguments is called with less (1) [clang-analyzer-core.CallAndMessage]"
"01.w_Defects/wrong_arguments_func_pointer.c:422","warning: Value stored to 'a' is never read [clang-analyzer-deadcode.DeadStores]"
"01.w_Defects/wrong_arguments_func_pointer.c:438","warning: Call to function 'strcpy' is insecure as it does not provide bounding of the memory buffer. Replace unbounded copy functions with analogous functions that support length arguments such as 'strlcpy'. CWE-119 [clang-analyzer-security.insecureAPI.strcpy]"
"01.w_Defects/wrong_arguments_func_pointer.c:477","warning: Call to function 'strcpy' is insecure as it does not provide bounding of the memory buffer. Replace unbounded copy functions with analogous functions that support length arguments such as 'strlcpy'. CWE-119 [clang-analyzer-security.insecureAPI.strcpy]"
"01.w_Defects/wrong_arguments_func_pointer.c:490","warning: Value stored to 'ret' is never read [clang-analyzer-deadcode.DeadStores]"
"01.w_Defects/wrong_arguments_func_pointer.c:501","warning: Value stored to 'a' is never read [clang-analyzer-deadcode.DeadStores]"
"01.w_Defects/wrong_arguments_func_pointer.c:527","warning: Value stored to 'flag' is never read [clang-analyzer-deadcode.DeadStores]"
"01.w_Defects/wrong_arguments_func_pointer.c:52","warning: Value stored to 'a' is never read [clang-analyzer-deadcode.DeadStores]"
"01.w_Defects/wrong_arguments_func_pointer.c:538","warning: Value stored to 'flag' is never read [clang-analyzer-deadcode.DeadStores]"
"01.w_Defects/wrong_arguments_func_pointer.c:578","warning: Function taking 2 arguments is called with less (1) [clang-analyzer-core.CallAndMessage]"
"01.w_Defects/wrong_arguments_func_pointer.c:73","warning: Value stored to 'a' is never read [clang-analyzer-deadcode.DeadStores]"
"01.w_Defects/wrong_arguments_func_pointer.c:93","warning: Value stored to 'ret' is never read [clang-analyzer-deadcode.DeadStores]"
"01.w_Defects/zero_division.c:117","warning: Division by zero [clang-analyzer-core.DivideZero]"
"01.w_Defects/zero_division.c:117","warning: Value stored to 'ret' is never read [clang-analyzer-deadcode.DeadStores]"
"01.w_Defects/zero_division.c:128","warning: Value stored to 'ret' is never read [clang-analyzer-deadcode.DeadStores]"
"01.w_Defects/zero_division.c:140","warning: Division by zero [clang-analyzer-core.DivideZero]"
"01.w_Defects/zero_division.c:140","warning: Value stored to 'ret' is never read [clang-analyzer-deadcode.DeadStores]"
"01.w_Defects/zero_division.c:153","warning: Value stored to 'ret' is never read [clang-analyzer-deadcode.DeadStores]"
"01.w_Defects/zero_division.c:165","warning: Division by zero [clang-analyzer-core.DivideZero]"
"01.w_Defects/zero_division.c:165","warning: Value stored to 'ret' is never read [clang-analyzer-deadcode.DeadStores]"
"01.w_Defects/zero_division.c:177","warning: Division by zero [clang-analyzer-core.DivideZero]"
"01.w_Defects/zero_division.c:177","warning: Value stored to 'ret' is never read [clang-analyzer-deadcode.DeadStores]"
"01.w_Defects/zero_division.c:194","warning: Division by zero [clang-analyzer-core.DivideZero]"
"01.w_Defects/zero_division.c:194","warning: Value stored to 'ret' is never read [clang-analyzer-deadcode.DeadStores]"
"01.w_Defects/zero_division.c:205","warning: Division by zero [clang-analyzer-core.DivideZero]"
"01.w_Defects/zero_division.c:205","warning: Value stored to 'ret' is never read [clang-analyzer-deadcode.DeadStores]"
"01.w_Defects/zero_division.c:224","warning: Division by zero [clang-analyzer-core.DivideZero]"
"01.w_Defects/zero_division.c:224","warning: Value stored to 'ret' is never read [clang-analyzer-deadcode.DeadStores]"
"01.w_Defects/zero_division.c:22","warning: Division by zero [clang-analyzer-core.DivideZero]"
"01.w_Defects/zero_division.c:22","warning: division by zero is undefined [clang-diagnostic-division-by-zero]"
"01.w_Defects/zero_division.c:22","warning: Value stored to 'ret' is never read [clang-analyzer-deadcode.DeadStores]"
"01.w_Defects/zero_division.c:251","warning: Division by zero [clang-analyzer-core.DivideZero]"
"01.w_Defects/zero_division.c:251","warning: Value stored to 'ret' is never read [clang-analyzer-deadcode.DeadStores]"
"01.w_Defects/zero_division.c:33","warning: Division by zero [clang-analyzer-core.DivideZero]"
"01.w_Defects/zero_division.c:33","warning: division by zero is undefined [clang-diagnostic-division-by-zero]"
"01.w_Defects/zero_division.c:34","warning: Value stored to 'ret' is never read [clang-analyzer-deadcode.DeadStores]"
"01.w_Defects/zero_division.c:46","warning: Division by zero [clang-analyzer-core.DivideZero]"
"01.w_Defects/zero_division.c:46","warning: remainder by zero is undefined [clang-diagnostic-division-by-zero]"
"01.w_Defects/zero_division.c:46","warning: Value stored to 'ret' is never read [clang-analyzer-deadcode.DeadStores]"
"01.w_Defects/zero_division.c:77","warning: Division by zero [clang-analyzer-core.DivideZero]"
"01.w_Defects/zero_division.c:77","warning: Value stored to 'ret' is never read [clang-analyzer-deadcode.DeadStores]"
"01.w_Defects/zero_division.c:92","warning: Value stored to 'ret' is never read [clang-analyzer-deadcode.DeadStores]"
"02.wo_Defects/buffer_underrun_dynamic.c:722","warning: Array access results in a null pointer dereference [clang-analyzer-core.NullDereference]"
"02.wo_Defects/buffer_underrun_dynamic.c:722","warning: Use of memory after it is freed [clang-analyzer-unix.Malloc]"
"02.wo_Defects/free_nondynamically_allocated_memory.c:59","warning: Value stored to 'ptr' during its initialization is never read [clang-analyzer-deadcode.DeadStores]"
"02.wo_Defects/free_nondynamically_allocated_memory.c:81","warning: Dereference of null pointer [clang-analyzer-core.NullDereference]"
"02.wo_Defects/free_null_pointer.c:118","warning: Call to function 'strcpy' is insecure as it does not provide bounding of the memory buffer. Replace unbounded copy functions with analogous functions that support length arguments such as 'strlcpy'. CWE-119 [clang-analyzer-security.insecureAPI.strcpy]"
"02.wo_Defects/free_null_pointer.c:118","warning: Null pointer passed as an argument to a 'nonnull' parameter [clang-analyzer-core.NonNullParamChecker]"
"02.wo_Defects/free_null_pointer.c:155","warning: Call to function 'strcpy' is insecure as it does not provide bounding of the memory buffer. Replace unbounded copy functions with analogous functions that support length arguments such as 'strlcpy'. CWE-119 [clang-analyzer-security.insecureAPI.strcpy]"
"02.wo_Defects/free_null_pointer.c:248","warning: Call to function 'strcpy' is insecure as it does not provide bounding of the memory buffer. Replace unbounded copy functions with analogous functions that support length arguments such as 'strlcpy'. CWE-119 [clang-analyzer-security.insecureAPI.strcpy]"
"02.wo_Defects/free_null_pointer.c:248","warning: Null pointer passed as an argument to a 'nonnull' parameter [clang-analyzer-core.NonNullParamChecker]"
"02.wo_Defects/free_null_pointer.c:25","warning: Call to function 'strcpy' is insecure as it does not provide bounding of the memory buffer. Replace unbounded copy functions with analogous functions that support length arguments such as 'strlcpy'. CWE-119 [clang-analyzer-security.insecureAPI.strcpy]"
"02.wo_Defects/free_null_pointer.c:283","warning: Call to function 'strcpy' is insecure as it does not provide bounding of the memory buffer. Replace unbounded copy functions with analogous functions that support length arguments such as 'strlcpy'. CWE-119 [clang-analyzer-security.insecureAPI.strcpy]"
"02.wo_Defects/free_null_pointer.c:324","warning: Call to function 'strcpy' is insecure as it does not provide bounding of the memory buffer. Replace unbounded copy functions with analogous functions that support length arguments such as 'strlcpy'. CWE-119 [clang-analyzer-security.insecureAPI.strcpy]"
"02.wo_Defects/free_null_pointer.c:363","warning: Value stored to 'flag' during its initialization is never read [clang-analyzer-deadcode.DeadStores]"
"02.wo_Defects/free_null_pointer.c:424","warning: Value stored to 'p' is never read [clang-analyzer-deadcode.DeadStores]"
"02.wo_Defects/free_null_pointer.c:457","warning: Value stored to 'a' is never read [clang-analyzer-deadcode.DeadStores]"
"02.wo_Defects/free_null_pointer.c:490","warning: Potential leak of memory pointed to by 'fptr' [clang-analyzer-unix.Malloc]"
"02.wo_Defects/func_pointer.c:340","warning: Value stored to 'flag' during its initialization is never read [clang-analyzer-deadcode.DeadStores]"
"02.wo_Defects/func_pointer.c:512","warning: Value stored to 'flag' is never read [clang-analyzer-deadcode.DeadStores]"
"02.wo_Defects/func_pointer.c:564","warning: Value stored to 'flag' is never read [clang-analyzer-deadcode.DeadStores]"
"02.wo_Defects/function_return_value_unchecked.c:109","warning: Call to function 'strcpy' is insecure as it does not provide bounding of the memory buffer. Replace unbounded copy functions with analogous functions that support length arguments such as 'strlcpy'. CWE-119 [clang-analyzer-security.insecureAPI.strcpy]"
"02.wo_Defects/invalid_memory_access.c:104","warning: Call to function 'strcpy' is insecure as it does not provide bounding of the memory buffer. Replace unbounded copy functions with analogous functions that support length arguments such as 'strlcpy'. CWE-119 [clang-analyzer-security.insecureAPI.strcpy]"
"02.wo_Defects/invalid_memory_access.c:182","warning: Dereference of null pointer [clang-analyzer-core.NullDereference]"
"02.wo_Defects/invalid_memory_access.c:212","warning: Call to function 'strcpy' is insecure as it does not provide bounding of the memory buffer. Replace unbounded copy functions with analogous functions that support length arguments such as 'strlcpy'. CWE-119 [clang-analyzer-security.insecureAPI.strcpy]"
"02.wo_Defects/invalid_memory_access.c:274","warning: Access to field 'a' results in a dereference of a null pointer (loaded from field 's1') [clang-analyzer-core.NullDereference]"
"02.wo_Defects/invalid_memory_access.c:566","warning: Call to function 'strcpy' is insecure as it does not provide bounding of the memory buffer. Replace unbounded copy functions with analogous functions that support length arguments such as 'strlcpy'. CWE-119 [clang-analyzer-security.insecureAPI.strcpy]"
"02.wo_Defects/invalid_memory_access.c:575","warning: Call to function 'strcpy' is insecure as it does not provide bounding of the memory buffer. Replace unbounded copy functions with analogous functions that support length arguments such as 'strlcpy'. CWE-119 [clang-analyzer-security.insecureAPI.strcpy]"
"02.wo_Defects/invalid_memory_access.c:621","warning: Call to function 'strcpy' is insecure as it does not provide bounding of the memory buffer. Replace unbounded copy functions with analogous functions that support length arguments such as 'strlcpy'. CWE-119 [clang-analyzer-security.insecureAPI.strcpy]"
"02.wo_Defects/invalid_memory_access.c:633","warning: Call to function 'strcpy' is insecure as it does not provide bounding of the memory buffer. Replace unbounded copy functions with analogous functions that support length arguments such as 'strlcpy'. CWE-119 [clang-analyzer-security.insecureAPI.strcpy]"
"02.wo_Defects/invalid_memory_access.c:69","warning: Dereference of null pointer [clang-analyzer-core.NullDereference]"
"02.wo_Defects/littlemem_st.c:36","warning: Value stored to 'ret' is never read [clang-analyzer-deadcode.DeadStores]"
"02.wo_Defects/littlemem_st.c:93","warning: Address of stack memory associated with local variable 'buf' is still referred to by the global variable 'littlemem_st_004_s_001_gbl_str' upon returning to the caller. This will be a dangling reference [clang-analyzer-core.StackAddressEscape]"
"02.wo_Defects/lock_never_unlock.c:230","warning: Value stored to 'ip' is never read [clang-analyzer-deadcode.DeadStores]"
"02.wo_Defects/lock_never_unlock.c:326","warning: Value stored to 'ip' is never read [clang-analyzer-deadcode.DeadStores]"
"02.wo_Defects/memory_allocation_failure.c:278","warning: Potential memory leak [clang-analyzer-unix.Malloc]"
"02.wo_Defects/memory_allocation_failure.c:291","warning: Value stored to 'buf' is never read [clang-analyzer-deadcode.DeadStores]"
"02.wo_Defects/memory_allocation_failure.c:456","warning: Value stored to 'a' is never read [clang-analyzer-deadcode.DeadStores]"
"02.wo_Defects/memory_allocation_failure.c:593","warning: Call to function 'strcpy' is insecure as it does not provide bounding of the memory buffer. Replace unbounded copy functions with analogous functions that support length arguments such as 'strlcpy'. CWE-119 [clang-analyzer-security.insecureAPI.strcpy]"
"02.wo_Defects/memory_allocation_failure.c:83","warning: Dereference of null pointer [clang-analyzer-core.NullDereference]"
"02.wo_Defects/memory_leak.c:276","warning: Call to function 'strcpy' is insecure as it does not provide bounding of the memory buffer. Replace unbounded copy functions with analogous functions that support length arguments such as 'strlcpy'. CWE-119 [clang-analyzer-security.insecureAPI.strcpy]"
"02.wo_Defects/memory_leak.c:377","warning: Value stored to 'fptr' during its initialization is never read [clang-analyzer-deadcode.DeadStores]"
"02.wo_Defects/memory_leak.c:407","warning: Call to function 'strcpy' is insecure as it does not provide bounding of the memory buffer. Replace unbounded copy functions with analogous functions that support length arguments such as 'strlcpy'. CWE-119 [clang-analyzer-security.insecureAPI.strcpy]"
"02.wo_Defects/memory_leak.c:430","warning: Call to function 'strcpy' is insecure as it does not provide bounding of the memory buffer. Replace unbounded copy functions with analogous functions that support length arguments such as 'strlcpy'. CWE-119 [clang-analyzer-security.insecureAPI.strcpy]"
"02.wo_Defects/memory_leak.c:430","warning: Null pointer passed as an argument to a 'nonnull' parameter [clang-analyzer-core.NonNullParamChecker]"
"02.wo_Defects/memory_leak.c:525","warning: Call to function 'strcpy' is insecure as it does not provide bounding of the memory buffer. Replace unbounded copy functions with analogous functions that support length arguments such as 'strlcpy'. CWE-119 [clang-analyzer-security.insecureAPI.strcpy]"
"02.wo_Defects/memory_leak.c:75","warning: Call to function 'strcpy' is insecure as it does not provide bounding of the memory buffer. Replace unbounded copy functions with analogous functions that support length arguments such as 'strlcpy'. CWE-119 [clang-analyzer-security.insecureAPI.strcpy]"
"02.wo_Defects/memory_leak.c:99","warning: Access to field 'buf' results in a dereference of a null pointer [clang-analyzer-core.NullDereference]"
"02.wo_Defects/memory_leak.c:99","warning: Call to function 'strcpy' is insecure as it does not provide bounding of the memory buffer. Replace unbounded copy functions with analogous functions that support length arguments such as 'strlcpy'. CWE-119 [clang-analyzer-security.insecureAPI.strcpy]"
"02.wo_Defects/null_pointer.c:258","warning: Call to function 'strcpy' is insecure as it does not provide bounding of the memory buffer. Replace unbounded copy functions with analogous functions that support length arguments such as 'strlcpy'. CWE-119 [clang-analyzer-security.insecureAPI.strcpy]"
"02.wo_Defects/null_pointer.c:258","warning: Null pointer passed as an argument to a 'nonnull' parameter [clang-analyzer-core.NonNullParamChecker]"
"02.wo_Defects/null_pointer.c:353","warning: Call to function 'strcpy' is insecure as it does not provide bounding of the memory buffer. Replace unbounded copy functions with analogous functions that support length arguments such as 'strlcpy'. CWE-119 [clang-analyzer-security.insecureAPI.strcpy]"
"02.wo_Defects/ow_memcpy.c:41","warning: Assigned value is garbage or undefined [clang-analyzer-core.uninitialized.Assign]"
"02.wo_Defects/race_condition.c:381","warning: Value stored to 'ip' is never read [clang-analyzer-deadcode.DeadStores]"
"02.wo_Defects/race_condition.c:401","warning: Value stored to 'ip' is never read [clang-analyzer-deadcode.DeadStores]"
"02.wo_Defects/st_cross_thread_access.c:144","warning: Address of stack memory associated with local variable 'arr' is still referred to by the global variable 'st_cross_thread_access_002_glb_ptr' upon returning to the caller. This will be a dangling reference [clang-analyzer-core.StackAddressEscape]"
"02.wo_Defects/st_cross_thread_access.c:233","warning: Address of stack memory associated with local variable 'fptr' is still referred to by the global variable 'st_cross_thread_access_003_glb_ptr' upon returning to the caller. This will be a dangling reference [clang-analyzer-core.StackAddressEscape]"
"02.wo_Defects/st_cross_thread_access.c:400","warning: Address of stack memory associated with local variable 'arr1' is still referred to by the global variable 'p' upon returning to the caller. This will be a dangling reference [clang-analyzer-core.StackAddressEscape]"
"02.wo_Defects/st_cross_thread_access.c:56","warning: Address of stack memory associated with local variable 'arr' is still referred to by the global variable 'st_cross_thread_access_001_glb_ptr' upon returning to the caller. This will be a dangling reference [clang-analyzer-core.StackAddressEscape]"
"02.wo_Defects/st_underrun.c:115","warning: Call to function 'strcpy' is insecure as it does not provide bounding of the memory buffer. Replace unbounded copy functions with analogous functions that support length arguments such as 'strlcpy'. CWE-119 [clang-analyzer-security.insecureAPI.strcpy]"
"02.wo_Defects/st_underrun.c:170","warning: Call to function 'strcpy' is insecure as it does not provide bounding of the memory buffer. Replace unbounded copy functions with analogous functions that support length arguments such as 'strlcpy'. CWE-119 [clang-analyzer-security.insecureAPI.strcpy]"
"02.wo_Defects/st_underrun.c:212","warning: Call to function 'strcpy' is insecure as it does not provide bounding of the memory buffer. Replace unbounded copy functions with analogous functions that support length arguments such as 'strlcpy'. CWE-119 [clang-analyzer-security.insecureAPI.strcpy]"
"02.wo_Defects/st_underrun.c:212","warning: String copy function overflows destination buffer [clang-analyzer-]"
"02.wo_Defects/st_underrun.c:23","warning: Call to function 'strcpy' is insecure as it does not provide bounding of the memory buffer. Replace unbounded copy functions with analogous functions that support length arguments such as 'strlcpy'. CWE-119 [clang-analyzer-security.insecureAPI.strcpy]"
"02.wo_Defects/st_underrun.c:61","warning: Call to function 'strcpy' is insecure as it does not provide bounding of the memory buffer. Replace unbounded copy functions with analogous functions that support length arguments such as 'strlcpy'. CWE-119 [clang-analyzer-security.insecureAPI.strcpy]"
"02.wo_Defects/st_underrun.c:80","warning: Call to function 'strcpy' is insecure as it does not provide bounding of the memory buffer. Replace unbounded copy functions with analogous functions that support length arguments such as 'strlcpy'. CWE-119 [clang-analyzer-security.insecureAPI.strcpy]"
"02.wo_Defects/uninit_memory_access.c:400","warning: Value stored to 'flag' during its initialization is never read [clang-analyzer-deadcode.DeadStores]"
"02.wo_Defects/uninit_memory_access.c:54","warning: Call to function 'strcpy' is insecure as it does not provide bounding of the memory buffer. Replace unbounded copy functions with analogous functions that support length arguments such as 'strlcpy'. CWE-119 [clang-analyzer-security.insecureAPI.strcpy]"
"02.wo_Defects/uninit_memory_access.c:75","warning: Dereference of null pointer [clang-analyzer-core.NullDereference]"
"02.wo_Defects/uninit_memory_access.c:99","warning: Value stored to 'k' is never read [clang-analyzer-deadcode.DeadStores]"
"02.wo_Defects/uninit_pointer.c:131","warning: Potential leak of memory pointed to by 'buf1' [clang-analyzer-unix.Malloc]"
"02.wo_Defects/uninit_pointer.c:131","warning: Potential leak of memory pointed to by 'buf2' [clang-analyzer-unix.Malloc]"
"02.wo_Defects/uninit_pointer.c:131","warning: Potential leak of memory pointed to by 'buf3' [clang-analyzer-unix.Malloc]"
"02.wo_Defects/uninit_pointer.c:131","warning: Potential leak of memory pointed to by 'buf4' [clang-analyzer-unix.Malloc]"
"02.wo_Defects/uninit_pointer.c:131","warning: Potential leak of memory pointed to by 'buf5' [clang-analyzer-unix.Malloc]"
"02.wo_Defects/uninit_pointer.c:196","warning: Call to function 'strcpy' is insecure as it does not provide bounding of the memory buffer. Replace unbounded copy functions with analogous functions that support length arguments such as 'strlcpy'. CWE-119 [clang-analyzer-security.insecureAPI.strcpy]"
"02.wo_Defects/uninit_pointer.c:226","warning: Result of 'malloc' is converted to a pointer of type 'unsigned int', which is incompatible with sizeof operand type 'unsigned int *' [clang-analyzer-unix.MallocSizeof]"
"02.wo_Defects/uninit_pointer.c:399","warning: Call to function 'strcpy' is insecure as it does not provide bounding of the memory buffer. Replace unbounded copy functions with analogous functions that support length arguments such as 'strlcpy'. CWE-119 [clang-analyzer-security.insecureAPI.strcpy]"
"02.wo_Defects/uninit_pointer.c:422","warning: Call to function 'strcpy' is insecure as it does not provide bounding of the memory buffer. Replace unbounded copy functions with analogous functions that support length arguments such as 'strlcpy'. CWE-119 [clang-analyzer-security.insecureAPI.strcpy]"
"02.wo_Defects/uninit_pointer.c:431","warning: Potential leak of memory pointed to by 's' [clang-analyzer-unix.Malloc]"
"02.wo_Defects/uninit_var.c:151","warning: Call to function 'strcpy' is insecure as it does not provide bounding of the memory buffer. Replace unbounded copy functions with analogous functions that support length arguments such as 'strlcpy'. CWE-119 [clang-analyzer-security.insecureAPI.strcpy]"
"02.wo_Defects/unlock_without_lock.c:387","warning: Call to function 'strcpy' is insecure as it does not provide bounding of the memory buffer. Replace unbounded copy functions with analogous functions that support length arguments such as 'strlcpy'. CWE-119 [clang-analyzer-security.insecureAPI.strcpy]"
"02.wo_Defects/wrong_arguments_func_pointer.c:113","warning: Value stored to 'ret' is never read [clang-analyzer-deadcode.DeadStores]"
"02.wo_Defects/wrong_arguments_func_pointer.c:138","warning: Value stored to 'ret' is never read [clang-analyzer-deadcode.DeadStores]"
"02.wo_Defects/wrong_arguments_func_pointer.c:157","warning: Value stored to 'ret' is never read [clang-analyzer-deadcode.DeadStores]"
"02.wo_Defects/wrong_arguments_func_pointer.c:177","warning: Value stored to 'ret' is never read [clang-analyzer-deadcode.DeadStores]"
"02.wo_Defects/wrong_arguments_func_pointer.c:196","warning: Value stored to 'ret' is never read [clang-analyzer-deadcode.DeadStores]"
"02.wo_Defects/wrong_arguments_func_pointer.c:207","warning: Call to function 'strcpy' is insecure as it does not provide bounding of the memory buffer. Replace unbounded copy functions with analogous functions that support length arguments such as 'strlcpy'. CWE-119 [clang-analyzer-security.insecureAPI.strcpy]"
"02.wo_Defects/wrong_arguments_func_pointer.c:208","warning: Call to function 'strcpy' is insecure as it does not provide bounding of the memory buffer. Replace unbounded copy functions with analogous functions that support length arguments such as 'strlcpy'. CWE-119 [clang-analyzer-security.insecureAPI.strcpy]"
"02.wo_Defects/wrong_arguments_func_pointer.c:217","warning: Potential leak of memory pointed to by 'str1' [clang-analyzer-unix.Malloc]"
"02.wo_Defects/wrong_arguments_func_pointer.c:219","warning: Potential leak of memory pointed to by 'str2' [clang-analyzer-unix.Malloc]"
"02.wo_Defects/wrong_arguments_func_pointer.c:223","warning: Value stored to 'ret' is never read [clang-analyzer-deadcode.DeadStores]"
"02.wo_Defects/wrong_arguments_func_pointer.c:283","warning: Value stored to 'temp' is never read [clang-analyzer-deadcode.DeadStores]"
"02.wo_Defects/wrong_arguments_func_pointer.c:380","warning: Call to function 'strcpy' is insecure as it does not provide bounding of the memory buffer. Replace unbounded copy functions with analogous functions that support length arguments such as 'strlcpy'. CWE-119 [clang-analyzer-security.insecureAPI.strcpy]"
"02.wo_Defects/wrong_arguments_func_pointer.c:419","warning: Value stored to 'a' is never read [clang-analyzer-deadcode.DeadStores]"
"02.wo_Defects/wrong_arguments_func_pointer.c:434","warning: Call to function 'strcpy' is insecure as it does not provide bounding of the memory buffer. Replace unbounded copy functions with analogous functions that support length arguments such as 'strlcpy'. CWE-119 [clang-analyzer-security.insecureAPI.strcpy]"
"02.wo_Defects/wrong_arguments_func_pointer.c:473","warning: Call to function 'strcpy' is insecure as it does not provide bounding of the memory buffer. Replace unbounded copy functions with analogous functions that support length arguments such as 'strlcpy'. CWE-119 [clang-analyzer-security.insecureAPI.strcpy]"
"02.wo_Defects/wrong_arguments_func_pointer.c:486","warning: Value stored to 'ret' is never read [clang-analyzer-deadcode.DeadStores]"
"02.wo_Defects/wrong_arguments_func_pointer.c:497","warning: Value stored to 'a' is never read [clang-analyzer-deadcode.DeadStores]"
"02.wo_Defects/wrong_arguments_func_pointer.c:524","warning: Value stored to 'flag' is never read [clang-analyzer-deadcode.DeadStores]"
"02.wo_Defects/wrong_arguments_func_pointer.c:52","warning: Value stored to 'a' is never read [clang-analyzer-deadcode.DeadStores]"
"02.wo_Defects/wrong_arguments_func_pointer.c:535","warning: Value stored to 'flag' is never read [clang-analyzer-deadcode.DeadStores]"
"02.wo_Defects/wrong_arguments_func_pointer.c:73","warning: Value stored to 'a' is never read [clang-analyzer-deadcode.DeadStores]"
"02.wo_Defects/wrong_arguments_func_pointer.c:93","warning: Value stored to 'ret' is never read [clang-analyzer-deadcode.DeadStores]"
"02.wo_Defects/zero_division.c:115","warning: Value stored to 'ret' is never read [clang-analyzer-deadcode.DeadStores]"
"02.wo_Defects/zero_division.c:126","warning: Value stored to 'ret' is never read [clang-analyzer-deadcode.DeadStores]"
"02.wo_Defects/zero_division.c:138","warning: Value stored to 'ret' is never read [clang-analyzer-deadcode.DeadStores]"
"02.wo_Defects/zero_division.c:153","warning: Value stored to 'ret' is never read [clang-analyzer-deadcode.DeadStores]"
"02.wo_Defects/zero_division.c:166","warning: Value stored to 'ret' is never read [clang-analyzer-deadcode.DeadStores]"
"02.wo_Defects/zero_division.c:178","warning: Value stored to 'ret' is never read [clang-analyzer-deadcode.DeadStores]"
"02.wo_Defects/zero_division.c:195","warning: Value stored to 'ret' is never read [clang-analyzer-deadcode.DeadStores]"
"02.wo_Defects/zero_division.c:206","warning: Value stored to 'ret' is never read [clang-analyzer-deadcode.DeadStores]"
"02.wo_Defects/zero_division.c:225","warning: Value stored to 'ret' is never read [clang-analyzer-deadcode.DeadStores]"
"02.wo_Defects/zero_division.c:22","warning: Value stored to 'ret' is never read [clang-analyzer-deadcode.DeadStores]"
"02.wo_Defects/zero_division.c:252","warning: Value stored to 'ret' is never read [clang-analyzer-deadcode.DeadStores]"
"02.wo_Defects/zero_division.c:34","warning: Value stored to 'ret' is never read [clang-analyzer-deadcode.DeadStores]"
"02.wo_Defects/zero_division.c:45","warning: Value stored to 'ret' is never read [clang-analyzer-deadcode.DeadStores]"
"02.wo_Defects/zero_division.c:75","warning: Value stored to 'ret' is never read [clang-analyzer-deadcode.DeadStores]"
"02.wo_Defects/zero_division.c:90","warning: Value stored to 'ret' is never read [clang-analyzer-deadcode.DeadStores]"
"03.w_Defects_Cpp/improper_error_handling.cpp:22","warning: Division by zero [clang-analyzer-core.DivideZero]"
"03.w_Defects_Cpp/improper_error_handling.cpp:22","warning: Value stored to 'c' is never read [clang-analyzer-deadcode.DeadStores]"
"03.w_Defects_Cpp/improper_error_handling.cpp:42","warning: Value stored to 'c' is never read [clang-analyzer-deadcode.DeadStores]"
"03.w_Defects_Cpp/improper_error_handling.cpp:63","warning: Value stored to 'c' is never read [clang-analyzer-deadcode.DeadStores]"
"03.w_Defects_Cpp/improper_error_handling.cpp:87","warning: Value stored to 'c' is never read [clang-analyzer-deadcode.DeadStores]"
"04.wo_Defects_Cpp/improper_error_handling.cpp:23","warning: Value stored to 'c' is never read [clang-analyzer-deadcode.DeadStores]"
"04.wo_Defects_Cpp/improper_error_handling.cpp:44","warning: Value stored to 'c' is never read [clang-analyzer-deadcode.DeadStores]"
"04.wo_Defects_Cpp/improper_error_handling.cpp:66","warning: Value stored to 'c' is never read [clang-analyzer-deadcode.DeadStores]"
"04.wo_Defects_Cpp/improper_error_handling.cpp:91","warning: Value stored to 'c' is never read [clang-analyzer-deadcode.DeadStores]"
"warning:","missing terminating '' character [clang-diagnostic-invalid-pp-token]"
