"01.w_Defects/bit_shift.c:106","(error) Shifting 32-bit value by 32 bits is undefined behaviour"
"01.w_Defects/bit_shift.c:133","(error) Shifting 32-bit value by 32 bits is undefined behaviour"
"01.w_Defects/bit_shift.c:146","(error) Shifting 32-bit value by 32 bits is undefined behaviour"
"01.w_Defects/bit_shift.c:175","(error) Shifting 32-bit value by 32 bits is undefined behaviour"
"01.w_Defects/bit_shift.c:208","(error) Shifting 32-bit value by 32 bits is undefined behaviour"
"01.w_Defects/bit_shift.c:21","(error) Shifting 32-bit value by 32 bits is undefined behaviour"
"01.w_Defects/bit_shift.c:225","(error) Shifting 32-bit value by 32 bits is undefined behaviour"
"01.w_Defects/bit_shift.c:45","(error) Shifting 32-bit value by 32 bits is undefined behaviour"
"01.w_Defects/bit_shift.c:69","(error) Shifting by a negative value is undefined behaviour"
"01.w_Defects/bit_shift.c:81","(error) Shifting 32-bit value by 32 bits is undefined behaviour"
"01.w_Defects/bit_shift.c:93","(error) Shifting by a negative value is undefined behaviour"
"01.w_Defects/buffer_overrun_dynamic.c:106","(style) The scope of the variable 'i' can be reduced."
"01.w_Defects/buffer_overrun_dynamic.c:124","(style) The scope of the variable 'i' can be reduced."
"01.w_Defects/buffer_overrun_dynamic.c:21","(style) The scope of the variable 'i' can be reduced."
"01.w_Defects/buffer_overrun_dynamic.c:229","(style) The scope of the variable 'index' can be reduced."
"01.w_Defects/buffer_overrun_dynamic.c:244","(style) The scope of the variable 'index' can be reduced."
"01.w_Defects/buffer_overrun_dynamic.c:328","(style) The scope of the variable 'indexes' can be reduced."
"01.w_Defects/buffer_overrun_dynamic.c:329","(style) The scope of the variable 'index' can be reduced."
"01.w_Defects/buffer_overrun_dynamic.c:332","(error) Array 'indexes4' accessed at index 4, which is out of bounds."
"01.w_Defects/buffer_overrun_dynamic.c:381","(style) The scope of the variable 'p2' can be reduced."
"01.w_Defects/buffer_overrun_dynamic.c:398","(style) The scope of the variable 'p' can be reduced."
"01.w_Defects/buffer_overrun_dynamic.c:414","(style) The scope of the variable 'p' can be reduced."
"01.w_Defects/buffer_overrun_dynamic.c:415","(style) The scope of the variable 'i' can be reduced."
"01.w_Defects/buffer_overrun_dynamic.c:456","(style) The scope of the variable 'i' can be reduced."
"01.w_Defects/buffer_overrun_dynamic.c:53","(style) The scope of the variable 'ret' can be reduced."
"01.w_Defects/buffer_overrun_dynamic.c:54","(style) The scope of the variable 'i' can be reduced."
"01.w_Defects/buffer_overrun_dynamic.c:571","(style) The scope of the variable 'i' can be reduced."
"01.w_Defects/buffer_overrun_dynamic.c:601","(style) The scope of the variable 'i' can be reduced."
"01.w_Defects/buffer_overrun_dynamic.c:606","(error) Array 'ptr_si.arr10' accessed at index 10, which is out of bounds."
"01.w_Defects/buffer_overrun_dynamic.c:88","(style) The scope of the variable 'i' can be reduced."
"01.w_Defects/buffer_underrun_dynamic.c:109","(style) The scope of the variable 'i' can be reduced."
"01.w_Defects/buffer_underrun_dynamic.c:127","(style) The scope of the variable 'i' can be reduced."
"01.w_Defects/buffer_underrun_dynamic.c:177","(error) Array index -3 is out of bounds."
"01.w_Defects/buffer_underrun_dynamic.c:22","(style) The scope of the variable 'i' can be reduced."
"01.w_Defects/buffer_underrun_dynamic.c:233","(style) The scope of the variable 'index' can be reduced."
"01.w_Defects/buffer_underrun_dynamic.c:247 -> 01.w_Defects/buffer_underrun_dynamic.c:248","(style) Variable 'index' is reassigned a value before the old one has been used."
"01.w_Defects/buffer_underrun_dynamic.c:333","(style) The scope of the variable 'indexes' can be reduced."
"01.w_Defects/buffer_underrun_dynamic.c:334","(style) The scope of the variable 'index' can be reduced."
"01.w_Defects/buffer_underrun_dynamic.c:386","(style) The scope of the variable 'p2' can be reduced."
"01.w_Defects/buffer_underrun_dynamic.c:403","(style) The scope of the variable 'p' can be reduced."
"01.w_Defects/buffer_underrun_dynamic.c:419","(style) The scope of the variable 'p' can be reduced."
"01.w_Defects/buffer_underrun_dynamic.c:420","(style) The scope of the variable 'i' can be reduced."
"01.w_Defects/buffer_underrun_dynamic.c:459","(style) The scope of the variable 'i' can be reduced."
"01.w_Defects/buffer_underrun_dynamic.c:479","(style) The scope of the variable 'p' can be reduced."
"01.w_Defects/buffer_underrun_dynamic.c:495","(style) The scope of the variable 'p' can be reduced."
"01.w_Defects/buffer_underrun_dynamic.c:531","(error) Array 'buf1' accessed at index -1, which is out of bounds."
"01.w_Defects/buffer_underrun_dynamic.c:56","(style) The scope of the variable 'ret' can be reduced."
"01.w_Defects/buffer_underrun_dynamic.c:571","(style) The scope of the variable 'i' can be reduced."
"01.w_Defects/buffer_underrun_dynamic.c:57","(style) The scope of the variable 'i' can be reduced."
"01.w_Defects/buffer_underrun_dynamic.c:600","(style) The scope of the variable 'i' can be reduced."
"01.w_Defects/buffer_underrun_dynamic.c:615","(style) The scope of the variable 'c' can be reduced."
"01.w_Defects/buffer_underrun_dynamic.c:640","(style) The scope of the variable 'i' can be reduced."
"01.w_Defects/buffer_underrun_dynamic.c:640","(style) The scope of the variable 'loc' can be reduced."
"01.w_Defects/buffer_underrun_dynamic.c:642","(style) The scope of the variable 'ch' can be reduced."
"01.w_Defects/buffer_underrun_dynamic.c:670","(style) Condition 'loc1==0' is always true"
"01.w_Defects/buffer_underrun_dynamic.c:675","(style) Condition 'loc2==0' is always true"
"01.w_Defects/buffer_underrun_dynamic.c:694","(style) The scope of the variable 'test' can be reduced."
"01.w_Defects/buffer_underrun_dynamic.c:700","(error) Array 'newTest10' accessed at index -10, which is out of bounds."
"01.w_Defects/buffer_underrun_dynamic.c:700","(style) Variable 'c' is assigned a value that is never used."
"01.w_Defects/buffer_underrun_dynamic.c:713","(style) The scope of the variable 'i' can be reduced."
"01.w_Defects/buffer_underrun_dynamic.c:746","(style) The scope of the variable 'i' can be reduced."
"01.w_Defects/buffer_underrun_dynamic.c:746","(style) The scope of the variable 'loc' can be reduced."
"01.w_Defects/buffer_underrun_dynamic.c:771","(style) The scope of the variable 'i' can be reduced."
"01.w_Defects/buffer_underrun_dynamic.c:91","(style) The scope of the variable 'i' can be reduced."
"01.w_Defects/conflicting_cond.c:103","(warning) Logical conjunction always evaluates to false: a == 0 && a == 1."
"01.w_Defects/conflicting_cond.c:118","(warning) Logical conjunction always evaluates to false: a == 0 && a == 1."
"01.w_Defects/conflicting_cond.c:137","(warning) Logical conjunction always evaluates to false: a == 0 && a == 1."
"01.w_Defects/conflicting_cond.c:157","(warning) Logical conjunction always evaluates to false: a < 5 && a > 10."
"01.w_Defects/conflicting_cond.c:199","(warning) Logical conjunction always evaluates to false: a == 0 && a == 1."
"01.w_Defects/conflicting_cond.c:24","(warning) Logical conjunction always evaluates to false: a == 0 && a == 1."
"01.w_Defects/conflicting_cond.c:43","(warning) Logical conjunction always evaluates to false: a < 5 && a > 10."
"01.w_Defects/data_overflow.c:165","(error) Signed integer overflow for expression 'max+128'."
"01.w_Defects/data_overflow.c:177","(error) Signed integer overflow for expression 'max*2'."
"01.w_Defects/data_overflow.c:190","(error) Signed integer overflow for expression 'max+d'."
"01.w_Defects/data_overflow.c:216","(error) Signed integer overflow for expression '(5*max)+3'."
"01.w_Defects/data_overflow.c:228","(error) Signed integer overflow for expression '(max*max)+88048'."
"01.w_Defects/data_overflow.c:257","(error) Signed integer overflow for expression 'max+d'."
"01.w_Defects/data_overflow.c:290","(error) Signed integer overflow for expression 'max+d1'."
"01.w_Defects/data_overflow.c:307","(error) Signed integer overflow for expression 'max+d2'."
"01.w_Defects/data_overflow.c:48","(error) Signed integer overflow for expression 'max+1'."
"01.w_Defects/data_underflow.c:152","(error) Signed integer overflow for expression 'min-d'."
"01.w_Defects/data_underflow.c:20","(error) Signed integer overflow for expression 'min-2'."
"01.w_Defects/data_underflow.c:58","(error) Signed integer overflow for expression 'min-128'."
"01.w_Defects/data_underflow.c:70","(error) Signed integer overflow for expression 'min*2'."
"01.w_Defects/data_underflow.c:81","(error) Signed integer overflow for expression '-2147483647-2'."
"01.w_Defects/dead_code.c:114","(style) Condition 'flag==0' is always false"
"01.w_Defects/dead_code.c:228","(style) Condition 'flag>0' is always false"
"01.w_Defects/dead_code.c:246","(style) Condition 'flag==0' is always false"
"01.w_Defects/dead_code.c:97","(style) Condition 'flag>0' is always false"
"01.w_Defects/deletion_of_data_structure_sentinel.c:40","(warning, inconclusive) The buffer 'str2' is not null-terminated after the call to memcpy()."
"01.w_Defects/double_free.c:101","(error) Deallocating a deallocated pointer: ptr"
"01.w_Defects/double_free.c:101","(error) Memory pointed to by 'ptr' is freed twice."
"01.w_Defects/double_free.c:115","(error) Deallocating a deallocated pointer: ptr"
"01.w_Defects/double_free.c:115","(error) Memory pointed to by 'ptr' is freed twice."
"01.w_Defects/double_free.c:128","(style) Condition 'flag>=0' is always true"
"01.w_Defects/double_free.c:131","(error) Deallocating a deallocated pointer: ptr"
"01.w_Defects/double_free.c:131","(error) Memory pointed to by 'ptr' is freed twice."
"01.w_Defects/double_free.c:168","(error) Deallocating a deallocated pointer: ptr"
"01.w_Defects/double_free.c:187","(error) Deallocating a deallocated pointer: ptr"
"01.w_Defects/double_free.c:203","(style) Condition 'flag==1' is always true"
"01.w_Defects/double_free.c:22","(error) Deallocating a deallocated pointer: ptr"
"01.w_Defects/double_free.c:22","(error) Memory pointed to by 'ptr' is freed twice."
"01.w_Defects/double_free.c:43","(error) Deallocating a deallocated pointer: ptr"
"01.w_Defects/double_free.c:64","(error) Deallocating a deallocated pointer: ptr"
"01.w_Defects/double_lock.c:199","(warning) %lu in format string (no. 1) requires 'unsigned long' but the argument type is 'long'."
"01.w_Defects/double_lock.c:213","(warning) %lu in format string (no. 1) requires 'unsigned long' but the argument type is 'long'."
"01.w_Defects/double_lock.c:222","(style) Variable 'rc' is assigned a value that is never used."
"01.w_Defects/endless_loop.c:131","(style) Condition 'flag>0' is always true"
"01.w_Defects/endless_loop.c:148","(style) Condition 'flag==0' is always true"
"01.w_Defects/free_nondynamic_allocated_memory.c:103","(error) Deallocation of an auto-variable results in undefined behaviour."
"01.w_Defects/free_nondynamic_allocated_memory.c:127","(style) Condition 'a>b' is always true"
"01.w_Defects/free_nondynamic_allocated_memory.c:140","(style) Condition 'a<b' is always true"
"01.w_Defects/free_nondynamic_allocated_memory.c:20","(style) The scope of the variable 'ptr' can be reduced."
"01.w_Defects/free_nondynamic_allocated_memory.c:229","(error) Deallocation of an auto-variable results in undefined behaviour."
"01.w_Defects/free_nondynamic_allocated_memory.c:33","(style) The scope of the variable 'ptr' can be reduced."
"01.w_Defects/free_nondynamic_allocated_memory.c:35","(style) Condition 'flag>0' is always true"
"01.w_Defects/free_nondynamic_allocated_memory.c:62","(error) Deallocation of an auto-variable results in undefined behaviour."
"01.w_Defects/free_nondynamic_allocated_memory.c:86","(error) Deallocation of an auto-variable results in undefined behaviour."
"01.w_Defects/free_nondynamic_allocated_memory.c:96","(style) Variable 'b' is assigned a value that is never used."
"01.w_Defects/free_nondynamic_allocated_memory.c:96","(style) Variable 'c' is assigned a value that is never used."
"01.w_Defects/free_nondynamic_allocated_memory.c:97","(style) Variable 'ptr1' is assigned a value that is never used."
"01.w_Defects/free_nondynamic_allocated_memory.c:98","(style) Variable 'ptr2' is assigned a value that is never used."
"01.w_Defects/free_nondynamic_allocated_memory.c:99","(style) Variable 'ptr3' is assigned a value that is never used."
"01.w_Defects/free_null_pointer.c:137","(style) The scope of the variable 's1' can be reduced."
"01.w_Defects/free_null_pointer.c:195","(style, inconclusive) Statements following return, break, continue, goto or throw will never be executed."
"01.w_Defects/free_null_pointer.c:229","(style) Checking if unsigned variable 'min' is less than zero."
"01.w_Defects/free_null_pointer.c:255","(style) The scope of the variable 'i' can be reduced."
"01.w_Defects/free_null_pointer.c:302","(style) The scope of the variable 'i' can be reduced."
"01.w_Defects/free_null_pointer.c:34","(style) Condition 'a>0' is always true"
"01.w_Defects/free_null_pointer.c:419","(style) Variable 'ret' is assigned a value that is never used."
"01.w_Defects/free_null_pointer.c:420","(style) Variable 'p' is assigned a value that is never used."
"01.w_Defects/free_null_pointer.c:451","(style) Condition 'flag==10' is always true"
"01.w_Defects/free_null_pointer.c:452","(style) Variable 'a' is assigned a value that is never used."
"01.w_Defects/free_null_pointer.c:457","(style) Condition 'flag==10' is always true"
"01.w_Defects/free_null_pointer.c:463","(error) Memory leak: ptr"
"01.w_Defects/free_null_pointer.c:509","(style) The scope of the variable 'i' can be reduced."
"01.w_Defects/free_null_pointer.c:525","(style) The scope of the variable 'i' can be reduced."
"01.w_Defects/free_null_pointer.c:539","(style) The scope of the variable 'i' can be reduced."
"01.w_Defects/func_pointer.c:123","(style) Variable 'str' is assigned a value that is never used."
"01.w_Defects/func_pointer.c:165","(style) The scope of the variable 'i' can be reduced."
"01.w_Defects/func_pointer.c:165","(style) The scope of the variable 'j' can be reduced."
"01.w_Defects/func_pointer.c:166","(style) The scope of the variable 'doubleptr' can be reduced."
"01.w_Defects/func_pointer.c:250","(style) The scope of the variable 'i' can be reduced."
"01.w_Defects/func_pointer.c:250","(style) The scope of the variable 'j' can be reduced."
"01.w_Defects/func_pointer.c:256 -> 01.w_Defects/func_pointer.c:257","(style) Variable 'doubleptr' is reassigned a value before the old one has been used."
"01.w_Defects/func_pointer.c:301","(style) The scope of the variable 'ptr' can be reduced."
"01.w_Defects/func_pointer.c:34","(style) Variable 'a' is assigned a value that is never used."
"01.w_Defects/func_pointer.c:352","(error) Null pointer dereference"
"01.w_Defects/func_pointer.c:352","(error) Null pointer dereference: p"
"01.w_Defects/func_pointer.c:353","(error) Null pointer dereference: p"
"01.w_Defects/func_pointer.c:353","(style) Variable 'ret' is assigned a value that is never used."
"01.w_Defects/func_pointer.c:365","(style) Variable 'a' is assigned a value that is never used."
"01.w_Defects/func_pointer.c:375","(style) Variable 'ret' is assigned a value that is never used."
"01.w_Defects/func_pointer.c:386","(style) The scope of the variable 'i' can be reduced."
"01.w_Defects/func_pointer.c:387","(style) The scope of the variable 'j' can be reduced."
"01.w_Defects/func_pointer.c:388","(style) The scope of the variable 'str_rev' can be reduced."
"01.w_Defects/func_pointer.c:42","(style) Variable 'ret' is assigned a value that is never used."
"01.w_Defects/func_pointer.c:498","(style) Variable 'flag' is assigned a value that is never used."
"01.w_Defects/func_pointer.c:531","(style) Statements following return, break, continue, goto or throw will never be executed."
"01.w_Defects/func_pointer.c:538","(style) Variable 'f' is assigned a value that is never used."
"01.w_Defects/func_pointer.c:548","(style) Variable 'flag' is assigned a value that is never used."
"01.w_Defects/func_pointer.c:584","(style) The scope of the variable 'st' can be reduced."
"01.w_Defects/func_pointer.c:592","(style) Variable 'st' is assigned a value that is never used."
"01.w_Defects/func_pointer.c:76","(style) The scope of the variable 'ret' can be reduced."
"01.w_Defects/func_pointer.c:81","(style) Variable 'ret' is assigned a value that is never used."
"01.w_Defects/func_pointer.c:92","(style) The scope of the variable 'i' can be reduced."
"01.w_Defects/func_pointer.c:93","(style) The scope of the variable 'j' can be reduced."
"01.w_Defects/func_pointer.c:94","(style) The scope of the variable 'str_rev' can be reduced."
"01.w_Defects/function_return_value_unchecked.c:207","(style) The scope of the variable 'ptr' can be reduced."
"01.w_Defects/function_return_value_unchecked.c:277","(style) Condition 'a==20' is always false"
"01.w_Defects/function_return_value_unchecked.c:282","(style) Condition 'b!=2' is always false"
"01.w_Defects/function_return_value_unchecked.c:287","(style) Condition 'c>0' is always false"
"01.w_Defects/function_return_value_unchecked.c:398","(style) Variable 'i' is assigned a value that is never used."
"01.w_Defects/function_return_value_unchecked.c:88","(style) Condition 'a!=0' is always false"
"01.w_Defects/improper_termination_of_block.c:20","(style) The scope of the variable 'x' can be reduced."
"01.w_Defects/improper_termination_of_block.c:22","(style) Condition 'condition==0' is always true"
"01.w_Defects/improper_termination_of_block.c:38","(style) Condition 'condition==0' is always true"
"01.w_Defects/improper_termination_of_block.c:67","(style) Condition 'x<10' is always true"
"01.w_Defects/insign_code.c:24","(style) Variable 'i' is assigned a value that is never used."
"01.w_Defects/invalid_memory_access.c:147","(error) Uninitialized variable: ptr"
"01.w_Defects/invalid_memory_access.c:188 -> 01.w_Defects/invalid_memory_access.c:175","(warning, inconclusive) Either the condition 'buf2!=0' is redundant or there is possible null pointer dereference: buf2."
"01.w_Defects/invalid_memory_access.c:188","(error) Dereferencing 'buf2' after it is deallocated / released"
"01.w_Defects/invalid_memory_access.c:220","(style) The scope of the variable 'buf1' can be reduced."
"01.w_Defects/invalid_memory_access.c:224","(error) Dereferencing 'buf' after it is deallocated / released"
"01.w_Defects/invalid_memory_access.c:256","(style) The scope of the variable 'p' can be reduced."
"01.w_Defects/invalid_memory_access.c:294","(error) Dereferencing 'ptr1' after it is deallocated / released"
"01.w_Defects/invalid_memory_access.c:39","(style) Condition 'flag==10' is always true"
"01.w_Defects/invalid_memory_access.c:422","(style) Variable 'i' is assigned a value that is never used."
"01.w_Defects/invalid_memory_access.c:45","(error) Dereferencing 'ptr' after it is deallocated / released"
"01.w_Defects/invalid_memory_access.c:45","(style) Variable 'a' is assigned a value that is never used."
"01.w_Defects/invalid_memory_access.c:476","(style) Statements following return, break, continue, goto or throw will never be executed."
"01.w_Defects/invalid_memory_access.c:500","(style) The scope of the variable 'i' can be reduced."
"01.w_Defects/invalid_memory_access.c:501","(style) The scope of the variable 'j' can be reduced."
"01.w_Defects/invalid_memory_access.c:502","(style) The scope of the variable 'str_rev' can be reduced."
"01.w_Defects/invalid_memory_access.c:516","(error) Returning/dereferencing 'str_rev' after it is deallocated / released"
"01.w_Defects/invalid_memory_access.c:532","(style) Variable 'str' is assigned a value that is never used."
"01.w_Defects/invalid_memory_access.c:553","(style) The scope of the variable 'i' can be reduced."
"01.w_Defects/invalid_memory_access.c:573","(style) The scope of the variable 'i' can be reduced."
"01.w_Defects/invalid_memory_access.c:85","(error) Uninitialized variable: a"
"01.w_Defects/invalid_memory_access.c:86","(error) Memory leak: dptr"
"01.w_Defects/littlemem_st.c:36","(style) Variable 'ret' is assigned a value that is never used."
"01.w_Defects/littlemem_st.c:89","(style) Variable 'buf' is not assigned a value."
"01.w_Defects/lock_never_unlock.c:228","(style) Variable 'ip' is assigned a value that is never used."
"01.w_Defects/lock_never_unlock.c:325","(style) Variable 'ip' is assigned a value that is never used."
"01.w_Defects/lock_never_unlock.c:340","(style) The scope of the variable 't1' can be reduced."
"01.w_Defects/lock_never_unlock.c:341","(style) The scope of the variable 't2' can be reduced."
"01.w_Defects/lock_never_unlock.c:493","(style) The scope of the variable 't1' can be reduced."
"01.w_Defects/lock_never_unlock.c:494","(style) The scope of the variable 't2' can be reduced."
"01.w_Defects/memory_allocation_failure.c:174","(style) The scope of the variable 'i' can be reduced."
"01.w_Defects/memory_allocation_failure.c:189","(style) The scope of the variable 'i' can be reduced."
"01.w_Defects/memory_allocation_failure.c:217","(style) The scope of the variable 'j' can be reduced."
"01.w_Defects/memory_allocation_failure.c:267","(error) Return value of allocation function 'memory_allocation_failure_008_func_001' is not stored."
"01.w_Defects/memory_allocation_failure.c:284","(error) Memory leak: buf"
"01.w_Defects/memory_allocation_failure.c:315","(style) The scope of the variable 'i' can be reduced."
"01.w_Defects/memory_allocation_failure.c:38","(style) The scope of the variable 'buf' can be reduced."
"01.w_Defects/memory_allocation_failure.c:390","(style) The scope of the variable 'p' can be reduced."
"01.w_Defects/memory_allocation_failure.c:39","(error) Memory leak: buf"
"01.w_Defects/memory_allocation_failure.c:444","(style) Condition 'flag==10' is always true"
"01.w_Defects/memory_allocation_failure.c:513","(error) Uninitialized variable: a"
"01.w_Defects/memory_allocation_failure.c:551","(style) The scope of the variable 'j' can be reduced."
"01.w_Defects/memory_allocation_failure.c:55","(style) The scope of the variable 'i' can be reduced."
"01.w_Defects/memory_allocation_failure.c:618","(error) Uninitialized variable: b"
"01.w_Defects/memory_leak.c:110","(style) Condition 'flag>0' is always true"
"01.w_Defects/memory_leak.c:118","(style) Condition 'flag<0' is always false"
"01.w_Defects/memory_leak.c:120","(error) Memory leak: ptr"
"01.w_Defects/memory_leak.c:215","(error) Memory leak: p"
"01.w_Defects/memory_leak.c:219","(error) Memory leak: p"
"01.w_Defects/memory_leak.c:22","(style) The scope of the variable 'buf' can be reduced."
"01.w_Defects/memory_leak.c:231","(error) Memory leak: p"
"01.w_Defects/memory_leak.c:231","(portability) Casting from float* to integer* is not portable due to different binary data representations on different platforms."
"01.w_Defects/memory_leak.c:236","(error) Memory leak: p"
"01.w_Defects/memory_leak.c:23","(error) Memory leak: buf"
"01.w_Defects/memory_leak.c:245 -> 01.w_Defects/memory_leak.c:247","(style) Variable 'p1' is reassigned a value before the old one has been used."
"01.w_Defects/memory_leak.c:247","(error) Memory leak: p1"
"01.w_Defects/memory_leak.c:276","(style) Variable 'buf' is assigned a value that is never used."
"01.w_Defects/memory_leak.c:286","(style) struct member 'memory_leak_0012_s_001::b' is never used."
"01.w_Defects/memory_leak.c:291","(style) struct member 'memory_leak_0012_s_002::b' is never used."
"01.w_Defects/memory_leak.c:296","(style) struct member 'memory_leak_0012_s_003::b' is never used."
"01.w_Defects/memory_leak.c:308 -> 01.w_Defects/memory_leak.c:309","(style) Variable 'p' is reassigned a value before the old one has been used."
"01.w_Defects/memory_leak.c:309","(error) Memory leak: p"
"01.w_Defects/memory_leak.c:353","(error) Memory leak: p"
"01.w_Defects/memory_leak.c:372 -> 01.w_Defects/memory_leak.c:373","(style) Variable 'fptr' is reassigned a value before the old one has been used."
"01.w_Defects/memory_leak.c:382","(style) Variable 'fptr1' is assigned a value that is never used."
"01.w_Defects/memory_leak.c:404","(error) Memory leak: str1"
"01.w_Defects/memory_leak.c:467","(style, inconclusive) Statements following return, break, continue, goto or throw will never be executed."
"01.w_Defects/memory_leak.c:497","(style) The scope of the variable 'i' can be reduced."
"01.w_Defects/null_pointer.c:133","(error) Null pointer dereference"
"01.w_Defects/null_pointer.c:159","(error) Null pointer dereference"
"01.w_Defects/null_pointer.c:159","(error) Null pointer dereference: p1"
"01.w_Defects/null_pointer.c:173","(error) Null pointer dereference"
"01.w_Defects/null_pointer.c:173","(error) Null pointer dereference: p2"
"01.w_Defects/null_pointer.c:180","(error) Null pointer dereference: p"
"01.w_Defects/null_pointer.c:196 -> 01.w_Defects/null_pointer.c:192","(warning) Either the condition 'p!=0' is redundant or there is possible null pointer dereference: p."
"01.w_Defects/null_pointer.c:213 -> 01.w_Defects/null_pointer.c:214","(warning) Either the condition 'p!=0' is redundant or there is possible null pointer dereference: p."
"01.w_Defects/null_pointer.c:23","(error) Null pointer dereference"
"01.w_Defects/null_pointer.c:23","(error) Null pointer dereference: p"
"01.w_Defects/null_pointer.c:282","(style, inconclusive) Statements following return, break, continue, goto or throw will never be executed."
"01.w_Defects/null_pointer.c:314","(style) The scope of the variable 'i' can be reduced."
"01.w_Defects/null_pointer.c:34","(error) Null pointer dereference"
"01.w_Defects/null_pointer.c:34","(error) Null pointer dereference: p"
"01.w_Defects/null_pointer.c:63","(error) Null pointer dereference: p"
"01.w_Defects/null_pointer.c:72","(style) struct member 'null_pointer_005_s_001::b' is never used."
"01.w_Defects/null_pointer.c:77","(style) struct member 'null_pointer_005_s_002::b' is never used."
"01.w_Defects/null_pointer.c:82","(style) struct member 'null_pointer_005_s_003::b' is never used."
"01.w_Defects/null_pointer.c:94","(error) Null pointer dereference: p"
"01.w_Defects/overrun_st.c:110","(error) Array 'buf567' index buf556 out of bounds."
"01.w_Defects/overrun_st.c:120","(style) Variable 'buf1' is not assigned a value."
"01.w_Defects/overrun_st.c:124","(style) Variable 'buf5' is not assigned a value."
"01.w_Defects/overrun_st.c:135","(style) struct member 'overrun_st_011_s_001::b' is never used."
"01.w_Defects/overrun_st.c:136","(style) struct member 'overrun_st_011_s_001::c' is never used."
"01.w_Defects/overrun_st.c:142","(error) Array 'sbuf5' accessed at index 5, which is out of bounds."
"01.w_Defects/overrun_st.c:142","(style) Variable 'sbuf' is assigned a value that is never used."
"01.w_Defects/overrun_st.c:158","(error) Array 'overrun_st_012_s_gbl.buf5' accessed at index 5, which is out of bounds."
"01.w_Defects/overrun_st.c:169","(error) Array 'buf5' accessed at index 5, which is out of bounds."
"01.w_Defects/overrun_st.c:194","(error) Array 'buf5' accessed at index 5, which is out of bounds."
"01.w_Defects/overrun_st.c:206","(error) Array 'buf5' accessed at index 5, which is out of bounds."
"01.w_Defects/overrun_st.c:21","(error) Array 'buf5' accessed at index 5, which is out of bounds."
"01.w_Defects/overrun_st.c:222","(error) Array 'buf5' accessed at index 5, which is out of bounds."
"01.w_Defects/overrun_st.c:233","(error) Array 'overrun_st_018_buf5' accessed at index 5, which is out of bounds."
"01.w_Defects/overrun_st.c:264","(error) Array 'buf5' accessed at index 5, which is out of bounds."
"01.w_Defects/overrun_st.c:280","(error) Array 'buf5' accessed at index 5, which is out of bounds."
"01.w_Defects/overrun_st.c:292 -> 01.w_Defects/overrun_st.c:293","(error) Array 'buf5' accessed at index 5, which is out of bounds."
"01.w_Defects/overrun_st.c:305 -> 01.w_Defects/overrun_st.c:306","(error) Array 'buf5' accessed at index 5, which is out of bounds."
"01.w_Defects/overrun_st.c:319 -> 01.w_Defects/overrun_st.c:320","(error) Array 'buf5' accessed at index 5, which is out of bounds."
"01.w_Defects/overrun_st.c:320","(style) Variable 'ret' is assigned a value that is never used."
"01.w_Defects/overrun_st.c:32","(error) Array 'buf5' accessed at index 5, which is out of bounds."
"01.w_Defects/overrun_st.c:332 -> 01.w_Defects/overrun_st.c:333","(error) Array 'buf5' accessed at index 5, which is out of bounds."
"01.w_Defects/overrun_st.c:345 -> 01.w_Defects/overrun_st.c:346","(error) Array 'buf5' accessed at index 5, which is out of bounds."
"01.w_Defects/overrun_st.c:358 -> 01.w_Defects/overrun_st.c:359","(error) Array 'buf5' accessed at index 5, which is out of bounds."
"01.w_Defects/overrun_st.c:371 -> 01.w_Defects/overrun_st.c:372","(error) Array 'buf5' accessed at index 5, which is out of bounds."
"01.w_Defects/overrun_st.c:382","(style) Variable 'buf' is not assigned a value."
"01.w_Defects/overrun_st.c:400 -> 01.w_Defects/overrun_st.c:402","(error) Array 'buf5' accessed at index 5, which is out of bounds."
"01.w_Defects/overrun_st.c:414 -> 01.w_Defects/overrun_st.c:415","(error) Array 'overrun_st_031_buf_gbl5' accessed at index 5, which is out of bounds."
"01.w_Defects/overrun_st.c:427 -> 01.w_Defects/overrun_st.c:428","(error) Array 'buf5' accessed at index 5, which is out of bounds."
"01.w_Defects/overrun_st.c:44","(error) Array 'buf5' accessed at index 5, which is out of bounds."
"01.w_Defects/overrun_st.c:44","(style) Variable 'ret' is assigned a value that is never used."
"01.w_Defects/overrun_st.c:501 -> 01.w_Defects/overrun_st.c:502","(error) Array 'buf5' accessed at index 5, which is out of bounds."
"01.w_Defects/overrun_st.c:537 -> 01.w_Defects/overrun_st.c:538","(error) Array 'buf5' accessed at index 5, which is out of bounds."
"01.w_Defects/overrun_st.c:555 -> 01.w_Defects/overrun_st.c:556","(error) Array 'buf5' accessed at index 5, which is out of bounds."
"01.w_Defects/overrun_st.c:55","(error) Array 'buf5' accessed at index 5, which is out of bounds."
"01.w_Defects/overrun_st.c:570","(error) Array 'buf5' accessed at index 5, which is out of bounds."
"01.w_Defects/overrun_st.c:600","(style) Variable 'buf1' is not assigned a value."
"01.w_Defects/overrun_st.c:604","(style) Variable 'buf5' is not assigned a value."
"01.w_Defects/overrun_st.c:648 -> 01.w_Defects/overrun_st.c:642","(error) Array 'buf5' accessed at index 5, which is out of bounds."
"01.w_Defects/overrun_st.c:664 -> 01.w_Defects/overrun_st.c:658","(error) Array 'buf5' accessed at index 5, which is out of bounds."
"01.w_Defects/overrun_st.c:66","(error) Array 'buf5' accessed at index 5, which is out of bounds."
"01.w_Defects/overrun_st.c:680 -> 01.w_Defects/overrun_st.c:674","(error) Array 'buf5' accessed at index 5, which is out of bounds."
"01.w_Defects/overrun_st.c:695 -> 01.w_Defects/overrun_st.c:689","(error) Array 'buf5' accessed at index 5, which is out of bounds."
"01.w_Defects/overrun_st.c:706","(error) Array 'buf5' accessed at index 5, which is out of bounds."
"01.w_Defects/overrun_st.c:724","(style) Variable 'buf' is assigned a value that is never used."
"01.w_Defects/overrun_st.c:749","(error) Array 'buf5' accessed at index 5, which is out of bounds."
"01.w_Defects/overrun_st.c:749","(style) Variable 'buf' is assigned a value that is never used."
"01.w_Defects/overrun_st.c:761","(style) Variable 'buf' is assigned a value that is never used."
"01.w_Defects/overrun_st.c:77","(error) Array 'buf5' accessed at index 5, which is out of bounds."
"01.w_Defects/overrun_st.c:88","(error) Array 'buf5' accessed at index 5, which is out of bounds."
"01.w_Defects/overrun_st.c:99","(error) Array 'buf56' index buf55 out of bounds."
"01.w_Defects/pow_related_errors.c:77","(style) Variable 'arr' is assigned a value that is never used."
"01.w_Defects/ptr_subtraction.c:19","(style) Variable 'buf1' is not assigned a value."
"01.w_Defects/ptr_subtraction.c:20","(style) Variable 'buf2' is not assigned a value."
"01.w_Defects/ptr_subtraction.c:32","(style) Variable 'x' is assigned a value that is never used."
"01.w_Defects/ptr_subtraction.c:35","(style) Variable 'buf' is assigned a value that is never used."
"01.w_Defects/race_condition.c:103","(style) Unused variable: pthread3"
"01.w_Defects/race_condition.c:332","(style) Variable 'ip' is assigned a value that is never used."
"01.w_Defects/race_condition.c:352","(style) Variable 'ip' is assigned a value that is never used."
"01.w_Defects/redundant_cond.c:102","(style) Redundant condition: If 'a > 10', the comparison 'a > 5' is always true."
"01.w_Defects/redundant_cond.c:143","(style) Redundant condition: If 'a > 10', the comparison 'a > 5' is always true."
"01.w_Defects/redundant_cond.c:158","(style) Redundant condition: If 'a > 10', the comparison 'a > 5' is always true."
"01.w_Defects/redundant_cond.c:177","(style) Redundant condition: If 'a > 10', the comparison 'a > 5' is always true."
"01.w_Defects/redundant_cond.c:197","(style) Redundant condition: If 'a < 5', the comparison 'a < 10' is always true."
"01.w_Defects/redundant_cond.c:257","(style) Redundant condition: If 'a > 10', the comparison 'a > 5' is always true."
"01.w_Defects/redundant_cond.c:26","(style) Redundant condition: If 'a > 10', the comparison 'a > 5' is always true."
"01.w_Defects/redundant_cond.c:282","(style) Redundant condition: If 'a > 10', the comparison 'a > 5' is always true."
"01.w_Defects/redundant_cond.c:45","(style) Redundant condition: If 'a < 5', the comparison 'a < 10' is always true."
"01.w_Defects/return_local.c:18","(style) Variable 'buf' is not assigned a value."
"01.w_Defects/return_local.c:19","(error) Pointer to local array variable returned."
"01.w_Defects/return_local.c:36","(error) Address of local auto-variable assigned to a function parameter."
"01.w_Defects/st_cross_thread_access.c:515","(style) The scope of the variable 't1' can be reduced."
"01.w_Defects/st_cross_thread_access.c:516","(style) The scope of the variable 't2' can be reduced."
"01.w_Defects/st_overflow.c:124","(error) Uninitialized variable: s"
"01.w_Defects/st_overflow.c:155","(error) Uninitialized variable: s"
"01.w_Defects/st_overflow.c:167","(style) struct member 'st_overflow_006_s_001::buf1' is never used."
"01.w_Defects/st_overflow.c:168","(style) struct member 'st_overflow_006_s_001::buf2' is never used."
"01.w_Defects/st_overflow.c:169","(style) struct member 'st_overflow_006_s_001::buf3' is never used."
"01.w_Defects/st_overflow.c:170","(style) struct member 'st_overflow_006_s_001::buf4' is never used."
"01.w_Defects/st_overflow.c:199","(style) struct member 'st_overflow_007_s_001::buf1' is never used."
"01.w_Defects/st_overflow.c:200","(style) struct member 'st_overflow_007_s_001::buf2' is never used."
"01.w_Defects/st_overflow.c:201","(style) struct member 'st_overflow_007_s_001::buf3' is never used."
"01.w_Defects/st_overflow.c:202","(style) struct member 'st_overflow_007_s_001::buf4' is never used."
"01.w_Defects/st_overflow.c:232","(error) Uninitialized variable: s"
"01.w_Defects/st_overflow.c:33","(style) struct member 'st_overflow_002_s_001::buf1' is never used."
"01.w_Defects/st_overflow.c:34","(style) struct member 'st_overflow_002_s_001::buf2' is never used."
"01.w_Defects/st_overflow.c:35","(style) struct member 'st_overflow_002_s_001::buf3' is never used."
"01.w_Defects/st_overflow.c:36","(style) struct member 'st_overflow_002_s_001::buf4' is never used."
"01.w_Defects/st_overflow.c:37","(style) struct member 'st_overflow_002_s_001::buf5' is never used."
"01.w_Defects/st_overflow.c:38","(style) struct member 'st_overflow_002_s_001::buf6' is never used."
"01.w_Defects/st_overflow.c:39","(style) struct member 'st_overflow_002_s_001::buf7' is never used."
"01.w_Defects/st_overflow.c:40","(style) struct member 'st_overflow_002_s_001::buf8' is never used."
"01.w_Defects/st_overflow.c:55","(error) Uninitialized variable: s"
"01.w_Defects/st_overflow.c:65","(style) struct member 'st_overflow_003_s_001::buf1' is never used."
"01.w_Defects/st_overflow.c:66","(style) struct member 'st_overflow_003_s_001::buf2' is never used."
"01.w_Defects/st_overflow.c:67","(style) struct member 'st_overflow_003_s_001::buf3' is never used."
"01.w_Defects/st_overflow.c:68","(style) struct member 'st_overflow_003_s_001::buf4' is never used."
"01.w_Defects/st_overflow.c:85","(error) Uninitialized variable: s"
"01.w_Defects/st_overflow.c:95","(style) struct member 'st_overflow_004_s_001::buf1' is never used."
"01.w_Defects/st_overflow.c:96","(style) struct member 'st_overflow_004_s_001::buf2' is never used."
"01.w_Defects/st_overflow.c:97","(style) struct member 'st_overflow_004_s_001::buf3' is never used."
"01.w_Defects/st_underrun.c:137","(style) Variable 's2' is assigned a value that is never used."
"01.w_Defects/st_underrun.c:171","(style) Variable 'buf' is assigned a value that is never used."
"01.w_Defects/st_underrun.c:180","(style) struct member 'st_underrun_006_s_001::buf1' is never used."
"01.w_Defects/st_underrun.c:181","(style) struct member 'st_underrun_006_s_001::buf2' is never used."
"01.w_Defects/st_underrun.c:182","(style) struct member 'st_underrun_006_s_001::buf3' is never used."
"01.w_Defects/st_underrun.c:183","(style) struct member 'st_underrun_006_s_001::buf4' is never used."
"01.w_Defects/st_underrun.c:184","(style) struct member 'st_underrun_006_s_001::buf5' is never used."
"01.w_Defects/st_underrun.c:185","(style) struct member 'st_underrun_006_s_001::buf6' is never used."
"01.w_Defects/st_underrun.c:192","(style) The scope of the variable 'c' can be reduced."
"01.w_Defects/st_underrun.c:195","(style) Variable 'c' is assigned a value that is never used."
"01.w_Defects/st_underrun.c:204","(error) Buffer is accessed out of bounds: s.buf"
"01.w_Defects/st_underrun.c:226","(style) The scope of the variable 'c' can be reduced."
"01.w_Defects/st_underrun.c:229","(style) Variable 'c' is assigned a value that is never used."
"01.w_Defects/st_underrun.c:245","(style) Condition 'flag>1' is always false"
"01.w_Defects/st_underrun.c:39","(style) struct member 'st_underrun_002_s_001::buf1' is never used."
"01.w_Defects/st_underrun.c:40","(style) struct member 'st_underrun_002_s_001::buf2' is never used."
"01.w_Defects/st_underrun.c:41","(style) struct member 'st_underrun_002_s_001::buf3' is never used."
"01.w_Defects/st_underrun.c:42","(style) struct member 'st_underrun_002_s_001::buf4' is never used."
"01.w_Defects/st_underrun.c:43","(style) struct member 'st_underrun_002_s_001::buf5' is never used."
"01.w_Defects/st_underrun.c:44","(style) struct member 'st_underrun_002_s_001::buf6' is never used."
"01.w_Defects/underrun_st.c:124","(error) Array index -1 is out of bounds."
"01.w_Defects/underrun_st.c:155","(warning) Array index -1 is out of bounds. Otherwise there is useless condition at line 153."
"01.w_Defects/underrun_st.c:189","(style) Condition 'var==0' is always true"
"01.w_Defects/underrun_st.c:190","(warning) Array index -1 is out of bounds. Otherwise there is useless condition at line 187."
"01.w_Defects/underrun_st.c:21","(error) Array index -1 is out of bounds."
"01.w_Defects/underrun_st.c:21","(style) Variable 'ret' is assigned a value that is never used."
"01.w_Defects/underrun_st.c:31","(error) Array index -1 is out of bounds."
"01.w_Defects/underrun_st.c:31","(style) Variable 'buf' is assigned a value that is never used."
"01.w_Defects/underrun_st.c:42","(error) Array index -1 is out of bounds."
"01.w_Defects/underrun_st.c:42","(style) Variable 'buf' is assigned a value that is never used."
"01.w_Defects/underrun_st.c:55","(style) Variable 'ret' is assigned a value that is never used."
"01.w_Defects/underrun_st.c:67","(style) Variable 'buf' is assigned a value that is never used."
"01.w_Defects/underrun_st.c:80","(style) Variable 'buf' is assigned a value that is never used."
"01.w_Defects/underrun_st.c:93","(error) Array index -1 is out of bounds."
"01.w_Defects/underrun_st.c:93","(style) Variable 'buf' is assigned a value that is never used."
"01.w_Defects/uninit_memory_access.c:126","(error) Uninitialized variable: str2"
"01.w_Defects/uninit_memory_access.c:166","(style) The scope of the variable 'temp' can be reduced."
"01.w_Defects/uninit_memory_access.c:168","(style) Variable 'temp' is assigned a value that is never used."
"01.w_Defects/uninit_memory_access.c:200","(error) Memory leak: s"
"01.w_Defects/uninit_memory_access.c:236","(style) The scope of the variable 'i' can be reduced."
"01.w_Defects/uninit_memory_access.c:236","(style) The scope of the variable 'j' can be reduced."
"01.w_Defects/uninit_memory_access.c:23","(style) Variable 'a' is not assigned a value."
"01.w_Defects/uninit_memory_access.c:26","(warning) %ld in format string (no. 1) requires 'long' but the argument type is 'unsigned long'."
"01.w_Defects/uninit_memory_access.c:318","(error) Uninitialized variable: str"
"01.w_Defects/uninit_memory_access.c:413","(style) The scope of the variable 'ret' can be reduced."
"01.w_Defects/uninit_memory_access.c:418","(style) Variable 'ret' is assigned a value that is never used."
"01.w_Defects/uninit_memory_access.c:50","(style) The scope of the variable 'str2' can be reduced."
"01.w_Defects/uninit_memory_access.c:53","(error) Uninitialized variable: str2"
"01.w_Defects/uninit_memory_access.c:54","(error) Uninitialized variable: str2"
"01.w_Defects/uninit_memory_access.c:97","(style) Variable 'k' is assigned a value that is never used."
"01.w_Defects/uninit_pointer.c:108","(style) Unused variable: a"
"01.w_Defects/uninit_pointer.c:124","(error) Memory leak: buf1"
"01.w_Defects/uninit_pointer.c:124","(error) Memory leak: buf3"
"01.w_Defects/uninit_pointer.c:124","(error) Memory leak: buf4"
"01.w_Defects/uninit_pointer.c:124","(error) Memory leak: buf5"
"01.w_Defects/uninit_pointer.c:150","(style) Variable 'ret' is not assigned a value."
"01.w_Defects/uninit_pointer.c:151","(error) Uninitialized variable: ret"
"01.w_Defects/uninit_pointer.c:177","(style) The scope of the variable 'buf1' can be reduced."
"01.w_Defects/uninit_pointer.c:199","(style) Variable 'buf' is assigned a value that is never used."
"01.w_Defects/uninit_pointer.c:213","(style) The scope of the variable 'a' can be reduced."
"01.w_Defects/uninit_pointer.c:215","(style) The scope of the variable 'i' can be reduced."
"01.w_Defects/uninit_pointer.c:235","(error) Memory leak: ptr"
"01.w_Defects/uninit_pointer.c:26","(style) Variable 'a' is assigned a value that is never used."
"01.w_Defects/uninit_pointer.c:27","(style) Variable 'p' is not assigned a value."
"01.w_Defects/uninit_pointer.c:29","(error) Uninitialized variable: p"
"01.w_Defects/uninit_pointer.c:29","(style) Variable 'ret' is assigned a value that is never used."
"01.w_Defects/uninit_pointer.c:334","(style) Variable 'r' is assigned a value that is never used."
"01.w_Defects/uninit_pointer.c:357","(error) Uninitialized variable: ptr"
"01.w_Defects/uninit_pointer.c:376","(style) The scope of the variable 'i' can be reduced."
"01.w_Defects/uninit_pointer.c:38","(style) Unused variable: a"
"01.w_Defects/uninit_pointer.c:391","(style) The scope of the variable 'i' can be reduced."
"01.w_Defects/uninit_pointer.c:39","(style) Variable 'p' is not assigned a value."
"01.w_Defects/uninit_pointer.c:40","(error) Uninitialized variable: p"
"01.w_Defects/uninit_pointer.c:412","(error) Memory leak: s"
"01.w_Defects/uninit_pointer.c:50","(style) Variable 'p' is not assigned a value."
"01.w_Defects/uninit_pointer.c:51","(style) Variable 'a' is assigned a value that is never used."
"01.w_Defects/uninit_pointer.c:54","(style) Variable 'ret' is assigned a value that is never used."
"01.w_Defects/uninit_pointer.c:64","(style) Variable 'ret' is assigned a value that is never used."
"01.w_Defects/uninit_pointer.c:68","(style) Variable 'a' is assigned a value that is never used."
"01.w_Defects/uninit_pointer.c:70","(error) Uninitialized variable: p"
"01.w_Defects/uninit_pointer.c:80","(style) Variable 'buf2' is assigned a value that is never used."
"01.w_Defects/uninit_pointer.c:89","(style) Variable 'ret' is assigned a value that is never used."
"01.w_Defects/uninit_var.c:110","(error) Uninitialized struct member: s.uninit"
"01.w_Defects/uninit_var.c:110","(style) Variable 'ret' is assigned a value that is never used."
"01.w_Defects/uninit_var.c:130","(error) Uninitialized variable: data"
"01.w_Defects/uninit_var.c:141","(error) Uninitialized variable: ret"
"01.w_Defects/uninit_var.c:156","(style) Variable 'ret' is not assigned a value."
"01.w_Defects/uninit_var.c:185","(style) Variable 'p' is assigned a value that is never used."
"01.w_Defects/uninit_var.c:225","(error) Uninitialized struct member: s.uninit"
"01.w_Defects/uninit_var.c:227","(error) Uninitialized struct member: s.uninit"
"01.w_Defects/uninit_var.c:227","(style) Variable 'r' is assigned a value that is never used."
"01.w_Defects/uninit_var.c:22","(style) Variable 'ret' is assigned a value that is never used."
"01.w_Defects/uninit_var.c:241","(style) Variable 'val' is not assigned a value."
"01.w_Defects/uninit_var.c:242","(error) Uninitialized variable: val"
"01.w_Defects/uninit_var.c:248","(style) Variable 'a' is assigned a value that is never used."
"01.w_Defects/uninit_var.c:275","(error) Uninitialized struct member: s.uninit"
"01.w_Defects/uninit_var.c:275","(style) Variable 'r' is assigned a value that is never used."
"01.w_Defects/uninit_var.c:295","(style) Variable 'ret' is assigned a value that is never used."
"01.w_Defects/uninit_var.c:31","(style) Variable 'buf' is not assigned a value."
"01.w_Defects/uninit_var.c:33","(style) Variable 'ret' is assigned a value that is never used."
"01.w_Defects/uninit_var.c:42","(style) Variable 'buf' is not assigned a value."
"01.w_Defects/uninit_var.c:44","(style) Variable 'ret' is assigned a value that is never used."
"01.w_Defects/uninit_var.c:59","(style) Variable 'dvar1' is assigned a value that is never used."
"01.w_Defects/uninit_var.c:62","(style) Variable 'ret' is assigned a value that is never used."
"01.w_Defects/uninit_var.c:74","(error) Uninitialized variable: ret"
"01.w_Defects/uninit_var.c:80","(style) Variable 'a' is assigned a value that is never used."
"01.w_Defects/uninit_var.c:91","(style) Variable 'flag' is assigned a value that is never used."
"01.w_Defects/unlock_without_lock.c:408","(style) The scope of the variable 't1' can be reduced."
"01.w_Defects/unlock_without_lock.c:409","(style) The scope of the variable 't2' can be reduced."
"01.w_Defects/unused_var.c:113","(style) The scope of the variable 'b' can be reduced."
"01.w_Defects/unused_var.c:114","(style) The scope of the variable 'unuse' can be reduced."
"01.w_Defects/unused_var.c:117","(style) Variable 'unuse' is assigned a value that is never used."
"01.w_Defects/unused_var.c:23","(style) Variable 'unuse' is assigned a value that is never used."
"01.w_Defects/wrong_arguments_func_pointer.c:113","(style) Variable 'ret' is assigned a value that is never used."
"01.w_Defects/wrong_arguments_func_pointer.c:140","(style) Variable 'ret' is assigned a value that is never used."
"01.w_Defects/wrong_arguments_func_pointer.c:160","(style) Variable 'ret' is assigned a value that is never used."
"01.w_Defects/wrong_arguments_func_pointer.c:181","(style) Variable 'ret' is assigned a value that is never used."
"01.w_Defects/wrong_arguments_func_pointer.c:200","(style) Variable 'ret' is assigned a value that is never used."
"01.w_Defects/wrong_arguments_func_pointer.c:224","(style) Variable 'ret' is assigned a value that is never used."
"01.w_Defects/wrong_arguments_func_pointer.c:276","(style) The scope of the variable 'temp' can be reduced."
"01.w_Defects/wrong_arguments_func_pointer.c:281","(style) Variable 'temp' is assigned a value that is never used."
"01.w_Defects/wrong_arguments_func_pointer.c:336","(error) Uninitialized variable: temp"
"01.w_Defects/wrong_arguments_func_pointer.c:381","(warning) Possible null pointer dereference: str1"
"01.w_Defects/wrong_arguments_func_pointer.c:422","(style) Variable 'a' is assigned a value that is never used."
"01.w_Defects/wrong_arguments_func_pointer.c:490","(style) Variable 'ret' is assigned a value that is never used."
"01.w_Defects/wrong_arguments_func_pointer.c:501","(style) Variable 'a' is assigned a value that is never used."
"01.w_Defects/wrong_arguments_func_pointer.c:521","(style) Statements following return, break, continue, goto or throw will never be executed."
"01.w_Defects/wrong_arguments_func_pointer.c:527","(style) Assignment of function parameter has no effect outside the function."
"01.w_Defects/wrong_arguments_func_pointer.c:528","(style) Assignment of function parameter has no effect outside the function."
"01.w_Defects/wrong_arguments_func_pointer.c:52","(style) Variable 'a' is assigned a value that is never used."
"01.w_Defects/wrong_arguments_func_pointer.c:538","(style) Variable 'flag' is assigned a value that is never used."
"01.w_Defects/wrong_arguments_func_pointer.c:73","(style) Variable 'a' is assigned a value that is never used."
"01.w_Defects/wrong_arguments_func_pointer.c:93","(style) Variable 'ret' is assigned a value that is never used."
"01.w_Defects/zero_division.c:117","(style) Variable 'ret' is assigned a value that is never used."
"01.w_Defects/zero_division.c:128","(style) Variable 'ret' is assigned a value that is never used."
"01.w_Defects/zero_division.c:140","(error) Division by zero."
"01.w_Defects/zero_division.c:140","(style) Variable 'ret' is assigned a value that is never used."
"01.w_Defects/zero_division.c:153","(style) Variable 'ret' is assigned a value that is never used."
"01.w_Defects/zero_division.c:165","(error) Division by zero."
"01.w_Defects/zero_division.c:165","(style) Variable 'ret' is assigned a value that is never used."
"01.w_Defects/zero_division.c:177","(error) Division by zero."
"01.w_Defects/zero_division.c:177","(style) Variable 'ret' is assigned a value that is never used."
"01.w_Defects/zero_division.c:194","(style) Variable 'ret' is assigned a value that is never used."
"01.w_Defects/zero_division.c:205","(error) Division by zero."
"01.w_Defects/zero_division.c:205","(style) Variable 'ret' is assigned a value that is never used."
"01.w_Defects/zero_division.c:224","(error) Division by zero."
"01.w_Defects/zero_division.c:224","(style) Variable 'ret' is assigned a value that is never used."
"01.w_Defects/zero_division.c:22","(error) Division by zero."
"01.w_Defects/zero_division.c:22","(style) Variable 'ret' is assigned a value that is never used."
"01.w_Defects/zero_division.c:251","(style) Variable 'ret' is assigned a value that is never used."
"01.w_Defects/zero_division.c:33","(error) Division by zero."
"01.w_Defects/zero_division.c:34","(style) Variable 'ret' is assigned a value that is never used."
"01.w_Defects/zero_division.c:46","(error) Division by zero."
"01.w_Defects/zero_division.c:46","(style) Variable 'ret' is assigned a value that is never used."
"01.w_Defects/zero_division.c:77","(style) Variable 'ret' is assigned a value that is never used."
"01.w_Defects/zero_division.c:92","(style) Variable 'ret' is assigned a value that is never used."
"02.wo_Defects/buffer_overrun_dynamic.c:105","(style) The scope of the variable 'i' can be reduced."
"02.wo_Defects/buffer_overrun_dynamic.c:123","(style) The scope of the variable 'i' can be reduced."
"02.wo_Defects/buffer_overrun_dynamic.c:20","(style) The scope of the variable 'i' can be reduced."
"02.wo_Defects/buffer_overrun_dynamic.c:228","(style) The scope of the variable 'index' can be reduced."
"02.wo_Defects/buffer_overrun_dynamic.c:243","(style) The scope of the variable 'index' can be reduced."
"02.wo_Defects/buffer_overrun_dynamic.c:327","(style) The scope of the variable 'indexes' can be reduced."
"02.wo_Defects/buffer_overrun_dynamic.c:328","(style) The scope of the variable 'index' can be reduced."
"02.wo_Defects/buffer_overrun_dynamic.c:380","(style) The scope of the variable 'p2' can be reduced."
"02.wo_Defects/buffer_overrun_dynamic.c:397","(style) The scope of the variable 'p' can be reduced."
"02.wo_Defects/buffer_overrun_dynamic.c:413","(style) The scope of the variable 'p' can be reduced."
"02.wo_Defects/buffer_overrun_dynamic.c:414","(style) The scope of the variable 'i' can be reduced."
"02.wo_Defects/buffer_overrun_dynamic.c:455","(style) The scope of the variable 'i' can be reduced."
"02.wo_Defects/buffer_overrun_dynamic.c:52","(style) The scope of the variable 'ret' can be reduced."
"02.wo_Defects/buffer_overrun_dynamic.c:53","(style) The scope of the variable 'i' can be reduced."
"02.wo_Defects/buffer_overrun_dynamic.c:570","(style) The scope of the variable 'i' can be reduced."
"02.wo_Defects/buffer_overrun_dynamic.c:600","(style) The scope of the variable 'i' can be reduced."
"02.wo_Defects/buffer_overrun_dynamic.c:87","(style) The scope of the variable 'i' can be reduced."
"02.wo_Defects/buffer_underrun_dynamic.c:106","(style) The scope of the variable 'i' can be reduced."
"02.wo_Defects/buffer_underrun_dynamic.c:124","(style) The scope of the variable 'i' can be reduced."
"02.wo_Defects/buffer_underrun_dynamic.c:21","(style) The scope of the variable 'i' can be reduced."
"02.wo_Defects/buffer_underrun_dynamic.c:229","(style) The scope of the variable 'index' can be reduced."
"02.wo_Defects/buffer_underrun_dynamic.c:329","(style) The scope of the variable 'indexes' can be reduced."
"02.wo_Defects/buffer_underrun_dynamic.c:330","(style) The scope of the variable 'index' can be reduced."
"02.wo_Defects/buffer_underrun_dynamic.c:382","(style) The scope of the variable 'p2' can be reduced."
"02.wo_Defects/buffer_underrun_dynamic.c:399","(style) The scope of the variable 'p' can be reduced."
"02.wo_Defects/buffer_underrun_dynamic.c:415","(style) The scope of the variable 'p' can be reduced."
"02.wo_Defects/buffer_underrun_dynamic.c:416","(style) The scope of the variable 'i' can be reduced."
"02.wo_Defects/buffer_underrun_dynamic.c:455","(style) The scope of the variable 'i' can be reduced."
"02.wo_Defects/buffer_underrun_dynamic.c:475","(style) The scope of the variable 'p' can be reduced."
"02.wo_Defects/buffer_underrun_dynamic.c:491","(style) The scope of the variable 'p' can be reduced."
"02.wo_Defects/buffer_underrun_dynamic.c:53","(style) The scope of the variable 'ret' can be reduced."
"02.wo_Defects/buffer_underrun_dynamic.c:54","(style) The scope of the variable 'i' can be reduced."
"02.wo_Defects/buffer_underrun_dynamic.c:568","(style) The scope of the variable 'i' can be reduced."
"02.wo_Defects/buffer_underrun_dynamic.c:597","(style) The scope of the variable 'i' can be reduced."
"02.wo_Defects/buffer_underrun_dynamic.c:616","(style) The scope of the variable 'c' can be reduced."
"02.wo_Defects/buffer_underrun_dynamic.c:641","(style) The scope of the variable 'i' can be reduced."
"02.wo_Defects/buffer_underrun_dynamic.c:641","(style) The scope of the variable 'loc' can be reduced."
"02.wo_Defects/buffer_underrun_dynamic.c:643","(style) The scope of the variable 'ch' can be reduced."
"02.wo_Defects/buffer_underrun_dynamic.c:671","(style) Condition 'loc1==0' is always true"
"02.wo_Defects/buffer_underrun_dynamic.c:676","(style) Condition 'loc2==0' is always true"
"02.wo_Defects/buffer_underrun_dynamic.c:695","(style) The scope of the variable 'test' can be reduced."
"02.wo_Defects/buffer_underrun_dynamic.c:712","(style) The scope of the variable 'i' can be reduced."
"02.wo_Defects/buffer_underrun_dynamic.c:745","(style) The scope of the variable 'i' can be reduced."
"02.wo_Defects/buffer_underrun_dynamic.c:745","(style) The scope of the variable 'loc' can be reduced."
"02.wo_Defects/buffer_underrun_dynamic.c:770","(style) The scope of the variable 'i' can be reduced."
"02.wo_Defects/buffer_underrun_dynamic.c:88","(style) The scope of the variable 'i' can be reduced."
"02.wo_Defects/dead_code.c:112","(style) Condition 'flag==0' is always true"
"02.wo_Defects/dead_code.c:226","(style) Condition 'flag>0' is always true"
"02.wo_Defects/dead_code.c:244","(style) Condition 'flag==0' is always true"
"02.wo_Defects/dead_code.c:95","(style) Condition 'flag>0' is always true"
"02.wo_Defects/double_free.c:116","(style) Condition 'flag<0' is always false"
"02.wo_Defects/double_free.c:155","(error) Deallocating a deallocated pointer: ptr"
"02.wo_Defects/double_free.c:189","(style) Condition 'flag==1' is always true"
"02.wo_Defects/double_free.c:40","(error) Deallocating a deallocated pointer: ptr"
"02.wo_Defects/double_lock.c:200","(warning) %lu in format string (no. 1) requires 'unsigned long' but the argument type is 'long'."
"02.wo_Defects/double_lock.c:215","(warning) %lu in format string (no. 1) requires 'unsigned long' but the argument type is 'long'."
"02.wo_Defects/double_lock.c:46","(warning) %u in format string (no. 1) requires 'unsigned int' but the argument type is 'int'."
"02.wo_Defects/endless_loop.c:152","(style) Condition 'flag>0' is always true"
"02.wo_Defects/endless_loop.c:173","(style) Condition 'flag==0' is always true"
"02.wo_Defects/free_nondynamically_allocated_memory.c:126","(style) Condition 'a<b' is always false"
"02.wo_Defects/free_nondynamically_allocated_memory.c:139","(style) Condition 'a>b' is always false"
"02.wo_Defects/free_nondynamically_allocated_memory.c:20","(style) The scope of the variable 'ptr' can be reduced."
"02.wo_Defects/free_nondynamically_allocated_memory.c:32","(style) The scope of the variable 'ptr' can be reduced."
"02.wo_Defects/free_nondynamically_allocated_memory.c:34","(style) Condition 'flag>1' is always false"
"02.wo_Defects/free_nondynamically_allocated_memory.c:94","(style) Variable 'ptr1' is allocated memory that is never used."
"02.wo_Defects/free_nondynamically_allocated_memory.c:95","(style) Variable 'ptr2' is allocated memory that is never used."
"02.wo_Defects/free_nondynamically_allocated_memory.c:96","(style) Variable 'ptr3' is allocated memory that is never used."
"02.wo_Defects/free_nondynamically_allocated_memory.c:97","(style) Variable 'ptr4' is allocated memory that is never used."
"02.wo_Defects/free_null_pointer.c:146","(style) The scope of the variable 's1' can be reduced."
"02.wo_Defects/free_null_pointer.c:204","(style, inconclusive) Statements following return, break, continue, goto or throw will never be executed."
"02.wo_Defects/free_null_pointer.c:236","(style) Checking if unsigned variable 'min' is less than zero."
"02.wo_Defects/free_null_pointer.c:263","(style) The scope of the variable 'i' can be reduced."
"02.wo_Defects/free_null_pointer.c:306","(style) The scope of the variable 'i' can be reduced."
"02.wo_Defects/free_null_pointer.c:38","(style) Condition 'a>0' is always true"
"02.wo_Defects/free_null_pointer.c:424","(style) Variable 'p' is assigned a value that is never used."
"02.wo_Defects/free_null_pointer.c:456","(style) Condition 'flag==10' is always true"
"02.wo_Defects/free_null_pointer.c:457","(style) Variable 'a' is assigned a value that is never used."
"02.wo_Defects/free_null_pointer.c:462","(style) Condition 'flag==10' is always true"
"02.wo_Defects/free_null_pointer.c:468","(error) Memory leak: ptr"
"02.wo_Defects/free_null_pointer.c:514","(style) The scope of the variable 'i' can be reduced."
"02.wo_Defects/free_null_pointer.c:530","(style) The scope of the variable 'i' can be reduced."
"02.wo_Defects/free_null_pointer.c:544","(style) The scope of the variable 'i' can be reduced."
"02.wo_Defects/free_null_pointer.c:57","(style) The scope of the variable 'buf' can be reduced."
"02.wo_Defects/func_pointer.c:100","(style) The scope of the variable 'str_rev' can be reduced."
"02.wo_Defects/func_pointer.c:174","(style) The scope of the variable 'i' can be reduced."
"02.wo_Defects/func_pointer.c:174","(style) The scope of the variable 'j' can be reduced."
"02.wo_Defects/func_pointer.c:175","(style) The scope of the variable 'doubleptr' can be reduced."
"02.wo_Defects/func_pointer.c:260","(style) The scope of the variable 'i' can be reduced."
"02.wo_Defects/func_pointer.c:260","(style) The scope of the variable 'j' can be reduced."
"02.wo_Defects/func_pointer.c:401","(style) The scope of the variable 'i' can be reduced."
"02.wo_Defects/func_pointer.c:402","(style) The scope of the variable 'j' can be reduced."
"02.wo_Defects/func_pointer.c:403","(style) The scope of the variable 'str_rev' can be reduced."
"02.wo_Defects/func_pointer.c:512","(style) Assignment of function parameter has no effect outside the function."
"02.wo_Defects/func_pointer.c:558","(style) Statements following return, break, continue, goto or throw will never be executed."
"02.wo_Defects/func_pointer.c:564","(style) Assignment of function parameter has no effect outside the function."
"02.wo_Defects/func_pointer.c:98","(style) The scope of the variable 'i' can be reduced."
"02.wo_Defects/func_pointer.c:99","(style) The scope of the variable 'j' can be reduced."
"02.wo_Defects/function_return_value_unchecked.c:207","(style) The scope of the variable 'ptr' can be reduced."
"02.wo_Defects/function_return_value_unchecked.c:277","(style) Condition 'a==20' is always false"
"02.wo_Defects/function_return_value_unchecked.c:282","(style) Condition 'b!=2' is always false"
"02.wo_Defects/function_return_value_unchecked.c:287","(style) Condition 'c>0' is always false"
"02.wo_Defects/function_return_value_unchecked.c:69 -> 02.wo_Defects/function_return_value_unchecked.c:70","(style) Variable 'a' is reassigned a value before the old one has been used."
"02.wo_Defects/function_return_value_unchecked.c:89","(style) Condition 'a==0' is always true"
"02.wo_Defects/improper_termination_of_block.c:20","(style) The scope of the variable 'x' can be reduced."
"02.wo_Defects/improper_termination_of_block.c:22","(style) Condition 'condition==0' is always true"
"02.wo_Defects/improper_termination_of_block.c:37","(style) The scope of the variable 'x' can be reduced."
"02.wo_Defects/improper_termination_of_block.c:39","(style) Condition 'condition==0' is always true"
"02.wo_Defects/invalid_memory_access.c:123","(style) The scope of the variable 'buf' can be reduced."
"02.wo_Defects/invalid_memory_access.c:143","(style) The scope of the variable 'ptr' can be reduced."
"02.wo_Defects/invalid_memory_access.c:228","(style) The scope of the variable 'buf1' can be reduced."
"02.wo_Defects/invalid_memory_access.c:265","(style) The scope of the variable 'p' can be reduced."
"02.wo_Defects/invalid_memory_access.c:30","(style) The scope of the variable 'a' can be reduced."
"02.wo_Defects/invalid_memory_access.c:310","(style) The scope of the variable 'ptr' can be reduced."
"02.wo_Defects/invalid_memory_access.c:38","(style) Condition 'flag==10' is always true"
"02.wo_Defects/invalid_memory_access.c:504","(style) The scope of the variable 'i' can be reduced."
"02.wo_Defects/invalid_memory_access.c:505","(style) The scope of the variable 'j' can be reduced."
"02.wo_Defects/invalid_memory_access.c:506","(style) The scope of the variable 'str_rev' can be reduced."
"02.wo_Defects/invalid_memory_access.c:559","(style) The scope of the variable 'i' can be reduced."
"02.wo_Defects/invalid_memory_access.c:581","(style) The scope of the variable 'i' can be reduced."
"02.wo_Defects/invalid_memory_access.c:88","(error) Memory leak: dptr"
"02.wo_Defects/littlemem_st.c:36","(style) Variable 'ret' is assigned a value that is never used."
"02.wo_Defects/littlemem_st.c:89","(style) Variable 'buf' is not assigned a value."
"02.wo_Defects/lock_never_unlock.c:230","(style) Variable 'ip' is assigned a value that is never used."
"02.wo_Defects/lock_never_unlock.c:326","(style) Variable 'ip' is assigned a value that is never used."
"02.wo_Defects/lock_never_unlock.c:341","(style) The scope of the variable 't1' can be reduced."
"02.wo_Defects/lock_never_unlock.c:342","(style) The scope of the variable 't2' can be reduced."
"02.wo_Defects/lock_never_unlock.c:493","(style) The scope of the variable 't1' can be reduced."
"02.wo_Defects/lock_never_unlock.c:494","(style) The scope of the variable 't2' can be reduced."
"02.wo_Defects/memory_allocation_failure.c:177","(style) The scope of the variable 'i' can be reduced."
"02.wo_Defects/memory_allocation_failure.c:192","(style) The scope of the variable 'i' can be reduced."
"02.wo_Defects/memory_allocation_failure.c:220","(style) The scope of the variable 'j' can be reduced."
"02.wo_Defects/memory_allocation_failure.c:277","(error) Return value of allocation function 'memory_allocation_failure_008_func_001' is not stored."
"02.wo_Defects/memory_allocation_failure.c:294","(error) Memory leak: buf"
"02.wo_Defects/memory_allocation_failure.c:325","(style) The scope of the variable 'i' can be reduced."
"02.wo_Defects/memory_allocation_failure.c:36","(style) The scope of the variable 'buf' can be reduced."
"02.wo_Defects/memory_allocation_failure.c:399","(style) The scope of the variable 'p' can be reduced."
"02.wo_Defects/memory_allocation_failure.c:453","(style) Condition 'flag==10' is always true"
"02.wo_Defects/memory_allocation_failure.c:568","(style) The scope of the variable 'j' can be reduced."
"02.wo_Defects/memory_allocation_failure.c:56","(style) The scope of the variable 'i' can be reduced."
"02.wo_Defects/memory_allocation_failure.c:635","(error) Uninitialized variable: b"
"02.wo_Defects/memory_leak.c:111","(style) The scope of the variable 'ptr' can be reduced."
"02.wo_Defects/memory_leak.c:114","(style) Condition 'flag>0' is always true"
"02.wo_Defects/memory_leak.c:141","(style) The scope of the variable 'dptr' can be reduced."
"02.wo_Defects/memory_leak.c:214","(style) The scope of the variable 'p' can be reduced."
"02.wo_Defects/memory_leak.c:22","(style) The scope of the variable 'buf' can be reduced."
"02.wo_Defects/memory_leak.c:231","(style) The scope of the variable 'p' can be reduced."
"02.wo_Defects/memory_leak.c:249","(style) The scope of the variable 'p2' can be reduced."
"02.wo_Defects/memory_leak.c:265","(style) union member 'memory_leak_0011_uni_001::u2' is never used."
"02.wo_Defects/memory_leak.c:291","(style) struct member 'memory_leak_0012_s_001::b' is never used."
"02.wo_Defects/memory_leak.c:296","(style) struct member 'memory_leak_0012_s_002::b' is never used."
"02.wo_Defects/memory_leak.c:301","(style) struct member 'memory_leak_0012_s_003::b' is never used."
"02.wo_Defects/memory_leak.c:354","(style) The scope of the variable 'p' can be reduced."
"02.wo_Defects/memory_leak.c:377 -> 02.wo_Defects/memory_leak.c:378","(style) Variable 'fptr' is reassigned a value before the old one has been used."
"02.wo_Defects/memory_leak.c:474","(style, inconclusive) Statements following return, break, continue, goto or throw will never be executed."
"02.wo_Defects/memory_leak.c:505","(style) The scope of the variable 'i' can be reduced."
"02.wo_Defects/null_pointer.c:111","(style) Variable 'a' is assigned a value that is never used."
"02.wo_Defects/null_pointer.c:123","(style) Variable 'a' is assigned a value that is never used."
"02.wo_Defects/null_pointer.c:169","(style) Variable 'buf' is assigned a value that is never used."
"02.wo_Defects/null_pointer.c:184","(style) Variable 'buf' is assigned a value that is never used."
"02.wo_Defects/null_pointer.c:195","(style) Variable 'buf' is assigned a value that is never used."
"02.wo_Defects/null_pointer.c:233 -> 02.wo_Defects/null_pointer.c:234","(warning) Either the condition 'p!=0' is redundant or there is possible null pointer dereference: p."
"02.wo_Defects/null_pointer.c:24","(style) Variable 'buf' is assigned a value that is never used."
"02.wo_Defects/null_pointer.c:302","(style, inconclusive) Statements following return, break, continue, goto or throw will never be executed."
"02.wo_Defects/null_pointer.c:333","(style) The scope of the variable 'i' can be reduced."
"02.wo_Defects/null_pointer.c:46","(style) Unused variable: buf"
"02.wo_Defects/null_pointer.c:76","(style) struct member 'null_pointer_005_s_001::b' is never used."
"02.wo_Defects/null_pointer.c:81","(style) struct member 'null_pointer_005_s_002::b' is never used."
"02.wo_Defects/null_pointer.c:86","(style) struct member 'null_pointer_005_s_003::b' is never used."
"02.wo_Defects/overrun_st.c:120","(style) Variable 'buf1' is not assigned a value."
"02.wo_Defects/overrun_st.c:124","(style) Variable 'buf5' is not assigned a value."
"02.wo_Defects/overrun_st.c:135","(style) struct member 'overrun_st_011_s_001::b' is never used."
"02.wo_Defects/overrun_st.c:136","(style) struct member 'overrun_st_011_s_001::c' is never used."
"02.wo_Defects/overrun_st.c:383","(style) Variable 'buf' is not assigned a value."
"02.wo_Defects/overrun_st.c:429","(style) Variable 'buf' is assigned a value that is never used."
"02.wo_Defects/overrun_st.c:443","(style) Variable 'buf' is assigned a value that is never used."
"02.wo_Defects/overrun_st.c:456","(style) Variable 'buf' is assigned a value that is never used."
"02.wo_Defects/overrun_st.c:469","(style) Variable 'buf' is assigned a value that is never used."
"02.wo_Defects/overrun_st.c:486","(style) Variable 'buf' is assigned a value that is never used."
"02.wo_Defects/overrun_st.c:498","(style) Variable 'buf' is assigned a value that is never used."
"02.wo_Defects/overrun_st.c:517","(style) Variable 'buf' is assigned a value that is never used."
"02.wo_Defects/overrun_st.c:532","(style) Variable 'buf' is assigned a value that is never used."
"02.wo_Defects/overrun_st.c:549","(style) Variable 'buf' is assigned a value that is never used."
"02.wo_Defects/overrun_st.c:592","(style) Variable 'buf1' is not assigned a value."
"02.wo_Defects/overrun_st.c:596","(style) Variable 'buf5' is not assigned a value."
"02.wo_Defects/ptr_subtraction.c:19","(style) Variable 'buf1' is not assigned a value."
"02.wo_Defects/ptr_subtraction.c:20","(style) Variable 'buf2' is not assigned a value."
"02.wo_Defects/ptr_subtraction.c:35","(style) Variable 'x' is assigned a value that is never used."
"02.wo_Defects/race_condition.c:381","(style) Variable 'ip' is assigned a value that is never used."
"02.wo_Defects/race_condition.c:401","(style) Variable 'ip' is assigned a value that is never used."
"02.wo_Defects/st_cross_thread_access.c:45","(style) Variable 'arr' is assigned a value that is never used."
"02.wo_Defects/st_cross_thread_access.c:514","(style) The scope of the variable 't1' can be reduced."
"02.wo_Defects/st_cross_thread_access.c:515","(style) The scope of the variable 't2' can be reduced."
"02.wo_Defects/st_overflow.c:101","(style) struct member 'st_overflow_004_s_001::buf1' is never used."
"02.wo_Defects/st_overflow.c:102","(style) struct member 'st_overflow_004_s_001::buf2' is never used."
"02.wo_Defects/st_overflow.c:125","(error) Uninitialized variable: s"
"02.wo_Defects/st_overflow.c:156","(error) Uninitialized variable: s"
"02.wo_Defects/st_overflow.c:233","(error) Uninitialized variable: s"
"02.wo_Defects/st_overflow.c:56","(error) Uninitialized variable: s"
"02.wo_Defects/st_overflow.c:86","(error) Uninitialized variable: s"
"02.wo_Defects/st_underrun.c:182","(style) struct member 'st_underrun_006_s_001::buf1' is never used."
"02.wo_Defects/st_underrun.c:183","(style) struct member 'st_underrun_006_s_001::buf2' is never used."
"02.wo_Defects/st_underrun.c:184","(style) struct member 'st_underrun_006_s_001::buf3' is never used."
"02.wo_Defects/st_underrun.c:185","(style) struct member 'st_underrun_006_s_001::buf4' is never used."
"02.wo_Defects/st_underrun.c:186","(style) struct member 'st_underrun_006_s_001::buf5' is never used."
"02.wo_Defects/st_underrun.c:187","(style) struct member 'st_underrun_006_s_001::buf6' is never used."
"02.wo_Defects/st_underrun.c:212","(error) Buffer is accessed out of bounds: s.buf"
"02.wo_Defects/st_underrun.c:254","(style) Condition 'flag>1' is always false"
"02.wo_Defects/st_underrun.c:39","(style) struct member 'st_underrun_002_s_001::buf1' is never used."
"02.wo_Defects/st_underrun.c:40","(style) struct member 'st_underrun_002_s_001::buf2' is never used."
"02.wo_Defects/st_underrun.c:41","(style) struct member 'st_underrun_002_s_001::buf3' is never used."
"02.wo_Defects/st_underrun.c:42","(style) struct member 'st_underrun_002_s_001::buf4' is never used."
"02.wo_Defects/st_underrun.c:43","(style) struct member 'st_underrun_002_s_001::buf5' is never used."
"02.wo_Defects/st_underrun.c:44","(style) struct member 'st_underrun_002_s_001::buf6' is never used."
"02.wo_Defects/underrun_st.c:194","(style) Condition 'var==0' is always true"
"02.wo_Defects/uninit_memory_access.c:248","(style) The scope of the variable 'i' can be reduced."
"02.wo_Defects/uninit_memory_access.c:248","(style) The scope of the variable 'j' can be reduced."
"02.wo_Defects/uninit_memory_access.c:26","(warning) %ld in format string (no. 1) requires 'long' but the argument type is 'unsigned long'."
"02.wo_Defects/uninit_memory_access.c:51","(style) The scope of the variable 'str2' can be reduced."
"02.wo_Defects/uninit_memory_access.c:99","(style) Variable 'k' is assigned a value that is never used."
"02.wo_Defects/uninit_pointer.c:131","(error) Memory leak: buf1"
"02.wo_Defects/uninit_pointer.c:131","(error) Memory leak: buf2"
"02.wo_Defects/uninit_pointer.c:131","(error) Memory leak: buf3"
"02.wo_Defects/uninit_pointer.c:131","(error) Memory leak: buf4"
"02.wo_Defects/uninit_pointer.c:131","(error) Memory leak: buf5"
"02.wo_Defects/uninit_pointer.c:187","(style) The scope of the variable 'buf1' can be reduced."
"02.wo_Defects/uninit_pointer.c:208 -> 02.wo_Defects/uninit_pointer.c:209","(style) Variable 'buf' is reassigned a value before the old one has been used."
"02.wo_Defects/uninit_pointer.c:225","(style) The scope of the variable 'a' can be reduced."
"02.wo_Defects/uninit_pointer.c:227","(style) The scope of the variable 'i' can be reduced."
"02.wo_Defects/uninit_pointer.c:247","(error) Memory leak: ptr"
"02.wo_Defects/uninit_pointer.c:392","(style) The scope of the variable 'i' can be reduced."
"02.wo_Defects/uninit_pointer.c:406","(style) The scope of the variable 'i' can be reduced."
"02.wo_Defects/uninit_pointer.c:41","(style) Variable 'a' is assigned a value that is never used."
"02.wo_Defects/uninit_pointer.c:52","(style) Variable 'a' is assigned a value that is never used."
"02.wo_Defects/uninit_var.c:68","(style) Variable 'dvar1' is assigned a value that is never used."
"02.wo_Defects/uninit_var.c:99","(style) Variable 'a' is assigned a value that is never used."
"02.wo_Defects/unlock_without_lock.c:402","(style) The scope of the variable 't1' can be reduced."
"02.wo_Defects/unlock_without_lock.c:403","(style) The scope of the variable 't2' can be reduced."
"02.wo_Defects/unused_var.c:117","(style) The scope of the variable 'b' can be reduced."
"02.wo_Defects/unused_var.c:118","(style) The scope of the variable 'unuse' can be reduced."
"02.wo_Defects/wrong_arguments_func_pointer.c:113","(style) Variable 'ret' is assigned a value that is never used."
"02.wo_Defects/wrong_arguments_func_pointer.c:138","(style) Variable 'ret' is assigned a value that is never used."
"02.wo_Defects/wrong_arguments_func_pointer.c:157","(style) Variable 'ret' is assigned a value that is never used."
"02.wo_Defects/wrong_arguments_func_pointer.c:177","(style) Variable 'ret' is assigned a value that is never used."
"02.wo_Defects/wrong_arguments_func_pointer.c:196","(style) Variable 'ret' is assigned a value that is never used."
"02.wo_Defects/wrong_arguments_func_pointer.c:217","(error) Memory leak: str1"
"02.wo_Defects/wrong_arguments_func_pointer.c:219","(error) Memory leak: str1"
"02.wo_Defects/wrong_arguments_func_pointer.c:219","(error) Memory leak: str2"
"02.wo_Defects/wrong_arguments_func_pointer.c:223","(style) Variable 'ret' is assigned a value that is never used."
"02.wo_Defects/wrong_arguments_func_pointer.c:278","(style) The scope of the variable 'temp' can be reduced."
"02.wo_Defects/wrong_arguments_func_pointer.c:283","(style) Variable 'temp' is assigned a value that is never used."
"02.wo_Defects/wrong_arguments_func_pointer.c:413","(style) The scope of the variable 'arr' can be reduced."
"02.wo_Defects/wrong_arguments_func_pointer.c:419","(style) Variable 'a' is assigned a value that is never used."
"02.wo_Defects/wrong_arguments_func_pointer.c:486","(style) Variable 'ret' is assigned a value that is never used."
"02.wo_Defects/wrong_arguments_func_pointer.c:497","(style) Variable 'a' is assigned a value that is never used."
"02.wo_Defects/wrong_arguments_func_pointer.c:518","(style) Statements following return, break, continue, goto or throw will never be executed."
"02.wo_Defects/wrong_arguments_func_pointer.c:524","(style) Assignment of function parameter has no effect outside the function."
"02.wo_Defects/wrong_arguments_func_pointer.c:525","(style) Assignment of function parameter has no effect outside the function."
"02.wo_Defects/wrong_arguments_func_pointer.c:52","(style) Variable 'a' is assigned a value that is never used."
"02.wo_Defects/wrong_arguments_func_pointer.c:535","(style) Variable 'flag' is assigned a value that is never used."
"02.wo_Defects/wrong_arguments_func_pointer.c:73","(style) Variable 'a' is assigned a value that is never used."
"02.wo_Defects/wrong_arguments_func_pointer.c:93","(style) Variable 'ret' is assigned a value that is never used."
"02.wo_Defects/zero_division.c:115","(style) Variable 'ret' is assigned a value that is never used."
"02.wo_Defects/zero_division.c:126","(style) Variable 'ret' is assigned a value that is never used."
"02.wo_Defects/zero_division.c:138","(style) Variable 'ret' is assigned a value that is never used."
"02.wo_Defects/zero_division.c:147","(style) The scope of the variable 'dividend' can be reduced."
"02.wo_Defects/zero_division.c:149","(style) The scope of the variable 'ret' can be reduced."
"02.wo_Defects/zero_division.c:153","(style) Variable 'ret' is assigned a value that is never used."
"02.wo_Defects/zero_division.c:166","(style) Variable 'ret' is assigned a value that is never used."
"02.wo_Defects/zero_division.c:178","(style) Variable 'ret' is assigned a value that is never used."
"02.wo_Defects/zero_division.c:195","(style) Variable 'ret' is assigned a value that is never used."
"02.wo_Defects/zero_division.c:206","(style) Variable 'ret' is assigned a value that is never used."
"02.wo_Defects/zero_division.c:225","(style) Variable 'ret' is assigned a value that is never used."
"02.wo_Defects/zero_division.c:22","(style) Variable 'ret' is assigned a value that is never used."
"02.wo_Defects/zero_division.c:252","(style) Variable 'ret' is assigned a value that is never used."
"02.wo_Defects/zero_division.c:34","(style) Variable 'ret' is assigned a value that is never used."
"02.wo_Defects/zero_division.c:45","(style) Variable 'ret' is assigned a value that is never used."
"02.wo_Defects/zero_division.c:75","(style) Variable 'ret' is assigned a value that is never used."
"02.wo_Defects/zero_division.c:90","(style) Variable 'ret' is assigned a value that is never used."
"03.w_Defects_Cpp/improper_error_handling.cpp:20","(style) The scope of the variable 'b' can be reduced."
"03.w_Defects_Cpp/improper_error_handling.cpp:20","(style) The scope of the variable 'c' can be reduced."
"03.w_Defects_Cpp/improper_error_handling.cpp:21","(style) Condition 'a==0' is always true"
"03.w_Defects_Cpp/improper_error_handling.cpp:22","(error) Division by zero."
"03.w_Defects_Cpp/improper_error_handling.cpp:22","(style) Variable 'c' is assigned a value that is never used."
"03.w_Defects_Cpp/improper_error_handling.cpp:41","(style) Condition 'a==0' is always true"
"03.w_Defects_Cpp/improper_error_handling.cpp:42","(style) Variable 'c' is assigned a value that is never used."
"03.w_Defects_Cpp/improper_error_handling.cpp:63","(style) Variable 'c' is assigned a value that is never used."
"03.w_Defects_Cpp/improper_error_handling.cpp:87","(style) Variable 'c' is assigned a value that is never used."
"03.w_Defects_Cpp/improper_error_handling.cpp:91","(style) Throwing a copy of the caught exception instead of rethrowing the original exception."
"04.wo_Defects_Cpp/improper_error_handling.cpp:20","(style) Condition 'a==0' is always true"
"04.wo_Defects_Cpp/improper_error_handling.cpp:23","(style) Variable 'c' is assigned a value that is never used."
"04.wo_Defects_Cpp/improper_error_handling.cpp:41","(style) Condition 'a==0' is always true"
"04.wo_Defects_Cpp/improper_error_handling.cpp:44","(style) Variable 'c' is assigned a value that is never used."
"04.wo_Defects_Cpp/improper_error_handling.cpp:66","(style) Variable 'c' is assigned a value that is never used."
"04.wo_Defects_Cpp/improper_error_handling.cpp:91","(style) Variable 'c' is assigned a value that is never used."
"04.wo_Defects_Cpp/improper_error_handling.cpp:95","(style) Throwing a copy of the caught exception instead of rethrowing the original exception."
