"01.w_Defects/bit_shift.c:106","/*ERROR:Bit shift error*/"
"01.w_Defects/bit_shift.c:120","/*ERROR:Bit shift error*/"
"01.w_Defects/bit_shift.c:133","/*ERROR:Bit shift error*/"
"01.w_Defects/bit_shift.c:146","/*ERROR:Bit shift error*/"
"01.w_Defects/bit_shift.c:163","/*ERROR:Bit shift error*/"
"01.w_Defects/bit_shift.c:175","/*ERROR:Bit shift error*/"
"01.w_Defects/bit_shift.c:193","/*ERROR:Bit shift error*/"
"01.w_Defects/bit_shift.c:208","/*ERROR:Bit shift error*/"
"01.w_Defects/bit_shift.c:21","/*ERROR:Bit shift error*/"
"01.w_Defects/bit_shift.c:225","/*ERROR:Bit shift error*/"
"01.w_Defects/bit_shift.c:236","/*ERROR:Bit shift error*/"
"01.w_Defects/bit_shift.c:33","/*ERROR:Bit shift error*/"
"01.w_Defects/bit_shift.c:45","/*ERROR:Bit shift error*/"
"01.w_Defects/bit_shift.c:57","/*ERROR:Bit shift error*/"
"01.w_Defects/bit_shift.c:69","/*ERROR:Bit shift error*/"
"01.w_Defects/bit_shift.c:81","/*ERROR:Bit shift error*/"
"01.w_Defects/bit_shift.c:93","/*ERROR:Bit shift error*/"
"01.w_Defects/buffer_overrun_dynamic.c:111","/*ERROR:Buffer overrun*/"
"01.w_Defects/buffer_overrun_dynamic.c:129","/*ERROR:Buffer overrun*/"
"01.w_Defects/buffer_overrun_dynamic.c:151","/*ERROR:Buffer overrun*/"
"01.w_Defects/buffer_overrun_dynamic.c:173","/*ERROR:Buffer overrun*/"
"01.w_Defects/buffer_overrun_dynamic.c:197","/*ERROR:Buffer overrun*/"
"01.w_Defects/buffer_overrun_dynamic.c:217","/*ERROR:Buffer overrun*/"
"01.w_Defects/buffer_overrun_dynamic.c:232","/*ERROR:Buffer overrun*/"
"01.w_Defects/buffer_overrun_dynamic.c:247","/*ERROR:Buffer overrun*/"
"01.w_Defects/buffer_overrun_dynamic.c:262","/*ERROR:Buffer overrun*/"
"01.w_Defects/buffer_overrun_dynamic.c:26","/*ERROR:Buffer overrun*/"
"01.w_Defects/buffer_overrun_dynamic.c:277","/*ERROR:Buffer overrun*/"
"01.w_Defects/buffer_overrun_dynamic.c:297","/*ERROR:Buffer overrun*/"
"01.w_Defects/buffer_overrun_dynamic.c:311","/*ERROR:Buffer overrun*/"
"01.w_Defects/buffer_overrun_dynamic.c:332","/*ERROR:Buffer overrun*/"
"01.w_Defects/buffer_overrun_dynamic.c:349","/*ERROR:Buffer overrun*/"
"01.w_Defects/buffer_overrun_dynamic.c:368","/*ERROR:Buffer overrun*/"
"01.w_Defects/buffer_overrun_dynamic.c:386","/*ERROR:Buffer overrun*/"
"01.w_Defects/buffer_overrun_dynamic.c:402","/*ERROR:Buffer overrun*/"
"01.w_Defects/buffer_overrun_dynamic.c:41","/*ERROR:Buffer overrun*/"
"01.w_Defects/buffer_overrun_dynamic.c:421","/*ERROR:Buffer overrun*/"
"01.w_Defects/buffer_overrun_dynamic.c:434","/*ERROR:Buffer overrun*/"
"01.w_Defects/buffer_overrun_dynamic.c:461","/*ERROR:Buffer overrun*/"
"01.w_Defects/buffer_overrun_dynamic.c:479","/*ERROR:Buffer overrun*/"
"01.w_Defects/buffer_overrun_dynamic.c:495","/*ERROR:Buffer overrun*/"
"01.w_Defects/buffer_overrun_dynamic.c:513","/*ERROR:Buffer overrun*/"
"01.w_Defects/buffer_overrun_dynamic.c:531","/*ERROR:Buffer overrun*/"
"01.w_Defects/buffer_overrun_dynamic.c:558","/*ERROR:Buffer overrun*/"
"01.w_Defects/buffer_overrun_dynamic.c:579","/*ERROR:Buffer overrun*/"
"01.w_Defects/buffer_overrun_dynamic.c:606","/*ERROR:Buffer overrun*///vm - Changed arri(int) to arr(char);"
"01.w_Defects/buffer_overrun_dynamic.c:61","/*ERROR:Buffer overrun*/"
"01.w_Defects/buffer_overrun_dynamic.c:76","/*ERROR:Buffer overrun*/"
"01.w_Defects/buffer_overrun_dynamic.c:93","/*ERROR:Buffer overrun*/"
"01.w_Defects/buffer_underrun_dynamic.c:114","/*ERROR:Buffer Underrun*/"
"01.w_Defects/buffer_underrun_dynamic.c:132","/*ERROR:Buffer Underrun*/"
"01.w_Defects/buffer_underrun_dynamic.c:154","/*ERROR:Buffer Underrun*/"
"01.w_Defects/buffer_underrun_dynamic.c:177","/*ERROR:Buffer Underrun*/"
"01.w_Defects/buffer_underrun_dynamic.c:201","/*ERROR:Buffer Underrun*/"
"01.w_Defects/buffer_underrun_dynamic.c:221","/*ERROR:Buffer Underrun*/"
"01.w_Defects/buffer_underrun_dynamic.c:236","/*ERROR:Buffer Underrun*/"
"01.w_Defects/buffer_underrun_dynamic.c:252","/*ERROR:Buffer Underrun*/"
"01.w_Defects/buffer_underrun_dynamic.c:267","/*ERROR:Buffer Underrun*/"
"01.w_Defects/buffer_underrun_dynamic.c:282","/*ERROR:Buffer Underrun*/"
"01.w_Defects/buffer_underrun_dynamic.c:28","/*ERROR:Buffer Underrun*/"
"01.w_Defects/buffer_underrun_dynamic.c:302","/*ERROR:Buffer Underrun*/"
"01.w_Defects/buffer_underrun_dynamic.c:316","/*ERROR:Buffer Underrun*/"
"01.w_Defects/buffer_underrun_dynamic.c:337","/*ERROR:Buffer Underrun*/"
"01.w_Defects/buffer_underrun_dynamic.c:354","/*ERROR:Buffer Underrun*/"
"01.w_Defects/buffer_underrun_dynamic.c:373","/*ERROR:Buffer Underrun*/"
"01.w_Defects/buffer_underrun_dynamic.c:391","/*ERROR:Buffer Underrun*/"
"01.w_Defects/buffer_underrun_dynamic.c:407","/*ERROR:Buffer Underrun*/"
"01.w_Defects/buffer_underrun_dynamic.c:426","/*ERROR:Buffer Underrun*/"
"01.w_Defects/buffer_underrun_dynamic.c:438","/*ERROR:Buffer Underrun*/"
"01.w_Defects/buffer_underrun_dynamic.c:44","/*ERROR:Buffer Underrun*/"
"01.w_Defects/buffer_underrun_dynamic.c:465","/*ERROR:Buffer Underrun*/"
"01.w_Defects/buffer_underrun_dynamic.c:483","/*ERROR:Buffer Underrun*/"
"01.w_Defects/buffer_underrun_dynamic.c:499","/*ERROR:Buffer Underrun*/"
"01.w_Defects/buffer_underrun_dynamic.c:518","/*ERROR:Buffer Underrun*/"
"01.w_Defects/buffer_underrun_dynamic.c:531","/*ERROR:Buffer Underrun*/"
"01.w_Defects/buffer_underrun_dynamic.c:558","/*ERROR:Buffer Underrun*/"
"01.w_Defects/buffer_underrun_dynamic.c:577","/*ERROR:Buffer Underrun*/"
"01.w_Defects/buffer_underrun_dynamic.c:605","/*ERROR:Buffer Underrun*/"
"01.w_Defects/buffer_underrun_dynamic.c:623","/*ERROR:Buffer Underrun*/"
"01.w_Defects/buffer_underrun_dynamic.c:647","/*ERROR:Buffer Underrun*/"
"01.w_Defects/buffer_underrun_dynamic.c:64","/*ERROR:Buffer Underrun*/"
"01.w_Defects/buffer_underrun_dynamic.c:678","/*ERROR:Buffer Underrun*/"
"01.w_Defects/buffer_underrun_dynamic.c:700","/*ERROR:Buffer Underrun*/"
"01.w_Defects/buffer_underrun_dynamic.c:720","/*ERROR:Buffer Underrun*/"
"01.w_Defects/buffer_underrun_dynamic.c:750","/*ERROR:Buffer Underrun*/"
"01.w_Defects/buffer_underrun_dynamic.c:777","/*ERROR:Buffer Underrun*/"
"01.w_Defects/buffer_underrun_dynamic.c:79","/*ERROR:Buffer Underrun*/"
"01.w_Defects/buffer_underrun_dynamic.c:96","/*ERROR:Buffer Underrun*/"
"01.w_Defects/cmp_funcadr.c:26","/*ERROR:compare function address with NULL*/"
"01.w_Defects/cmp_funcadr.c:48","/*ERROR:compare function address with NULL*/"
"01.w_Defects/conflicting_cond.c:103","/*ERROR:contradict condition*/"
"01.w_Defects/conflicting_cond.c:118","/*ERROR:contradict condition*/"
"01.w_Defects/conflicting_cond.c:137","/*ERROR:contradict condition*/"
"01.w_Defects/conflicting_cond.c:157","/*ERROR:contradict condition*/"
"01.w_Defects/conflicting_cond.c:177","/*ERROR:contradict condition*/"
"01.w_Defects/conflicting_cond.c:199","/*ERROR:contradict condition*/"
"01.w_Defects/conflicting_cond.c:24","/*ERROR:contradict condition*/"
"01.w_Defects/conflicting_cond.c:43","/*ERROR:contradict condition*/"
"01.w_Defects/conflicting_cond.c:62","/*ERROR:contradict condition*/"
"01.w_Defects/conflicting_cond.c:83","/*ERROR:contradict condition*/"
"01.w_Defects/data_lost.c:105","/*ERROR:Integer precision lost because of cast*/"
"01.w_Defects/data_lost.c:117","/*ERROR:Integer precision lost because of cast*/"
"01.w_Defects/data_lost.c:134","/*ERROR:Integer precision lost because of cast*/"
"01.w_Defects/data_lost.c:144","/*ERROR:Integer precision lost because of cast*/"
"01.w_Defects/data_lost.c:157","/*ERROR:Integer precision lost because of cast*/"
"01.w_Defects/data_lost.c:169","/*ERROR:Integer precision lost because of cast*/"
"01.w_Defects/data_lost.c:181","/*ERROR:Integer precision lost because of cast*/"
"01.w_Defects/data_lost.c:197","/*ERROR:Integer precision lost because of cast*/"
"01.w_Defects/data_lost.c:208","/*ERROR:Integer precision lost because of cast*/"
"01.w_Defects/data_lost.c:21","/*ERROR:Integer precision lost because of cast*/"
"01.w_Defects/data_lost.c:225","/*ERROR:Integer precision lost because of cast*/"
"01.w_Defects/data_lost.c:239","/*ERROR:Integer precision lost because of cast*/"
"01.w_Defects/data_lost.c:255","/*ERROR:Integer precision lost because of cast*/"
"01.w_Defects/data_lost.c:33","/*ERROR:Integer precision lost because of cast*/"
"01.w_Defects/data_lost.c:45","/*ERROR:Integer precision lost because of cast*/"
"01.w_Defects/data_lost.c:57","/*ERROR:Integer precision lost because of cast*/"
"01.w_Defects/data_lost.c:69","/*ERROR:Integer precision lost because of cast*/"
"01.w_Defects/data_lost.c:81","/*ERROR:Integer precision lost because of cast*/"
"01.w_Defects/data_lost.c:93","/*ERROR:Integer precision lost because of cast*/"
"01.w_Defects/data_overflow.c:108","/*ERROR:Data Overflow*/"
"01.w_Defects/data_overflow.c:125","/*ERROR:Data Overflow*/"
"01.w_Defects/data_overflow.c:141","/*ERROR:Data Overflow*/"
"01.w_Defects/data_overflow.c:153","/*ERROR:Data Overflow*/"
"01.w_Defects/data_overflow.c:165","/*ERROR:Data Overflow*/"
"01.w_Defects/data_overflow.c:177","/*ERROR:Data Overflow*/"
"01.w_Defects/data_overflow.c:190","/*ERROR:Data Overflow*/"
"01.w_Defects/data_overflow.c:204","/*ERROR:Data Overflow*/"
"01.w_Defects/data_overflow.c:216","/*ERROR:Data Overflow*/"
"01.w_Defects/data_overflow.c:228","/*ERROR:Data Overflow*/"
"01.w_Defects/data_overflow.c:245","/*ERROR:Data Overflow*/"
"01.w_Defects/data_overflow.c:24","/*ERROR:Data Overflow*/"
"01.w_Defects/data_overflow.c:257","/*ERROR:Data Overflow*/"
"01.w_Defects/data_overflow.c:275","/*ERROR:Data Overflow*/"
"01.w_Defects/data_overflow.c:290","/*ERROR:Data Overflow*/"
"01.w_Defects/data_overflow.c:307","/*ERROR:Data Overflow*/"
"01.w_Defects/data_overflow.c:318","/*ERROR:Data Overflow*/"
"01.w_Defects/data_overflow.c:334","/*ERROR:Data Overflow*/"
"01.w_Defects/data_overflow.c:350","/*ERROR:Data Overflow*/"
"01.w_Defects/data_overflow.c:36","/*ERROR:Data Overflow*/"
"01.w_Defects/data_overflow.c:48","/*ERROR:Data Overflow*/"
"01.w_Defects/data_overflow.c:60","/*ERROR:Data Overflow*/"
"01.w_Defects/data_overflow.c:72","/*ERROR:Data Overflow*/"
"01.w_Defects/data_overflow.c:84","/*ERROR:Data Overflow*/"
"01.w_Defects/data_overflow.c:96","/*ERROR:Data Overflow*/"
"01.w_Defects/data_underflow.c:111","/*ERROR:Data Underflow*/"
"01.w_Defects/data_underflow.c:123","/*ERROR:Data Underflow*/"
"01.w_Defects/data_underflow.c:140","/*ERROR:Data Under*/"
"01.w_Defects/data_underflow.c:152","/*ERROR:Data Underflow*/"
"01.w_Defects/data_underflow.c:170","/*ERROR:Data underflow*/"
"01.w_Defects/data_underflow.c:20","/*ERROR:Data Underflow*/"
"01.w_Defects/data_underflow.c:32","/*ERROR:Data Underflow*/"
"01.w_Defects/data_underflow.c:46","/*ERROR:Data Underflow*/"
"01.w_Defects/data_underflow.c:58","/*ERROR:Data Underflow*/"
"01.w_Defects/data_underflow.c:70","/*ERROR:Data Underflow*/"
"01.w_Defects/data_underflow.c:81","/*ERROR:Data Underflow*/"
"01.w_Defects/data_underflow.c:96","/*ERROR:Data Underflow*/"
"01.w_Defects/dead_code.c:116","/* ERROR:Dead Code*/"
"01.w_Defects/dead_code.c:133","/*ERROR:Dead Code*/"
"01.w_Defects/dead_code.c:150","/*ERROR:Dead Code*/"
"01.w_Defects/dead_code.c:168","/*ERROR:Dead Code*/"
"01.w_Defects/dead_code.c:190","/*ERROR:Dead Code*/"
"01.w_Defects/dead_code.c:207","/*ERROR:Dead Code*/"
"01.w_Defects/dead_code.c:228","/*ERROR:Dead Code*/"
"01.w_Defects/dead_code.c:23","/*ERROR:Dead Code*/"
"01.w_Defects/dead_code.c:248","/*ERROR:Dead Code*/"
"01.w_Defects/dead_code.c:40","/*ERROR:Dead Code*/"
"01.w_Defects/dead_code.c:61","/*ERROR:Dead Code*/"
"01.w_Defects/dead_code.c:77","/*ERROR:Dead Code*/"
"01.w_Defects/dead_code.c:99","/* ERROR:Dead Code*/"
"01.w_Defects/dead_lock.c:196","/*ERROR:Dead Lock*/"
"01.w_Defects/dead_lock.c:345","/*ERROR:Dead Lock*/"
"01.w_Defects/dead_lock.c:502","/*ERROR:Dead Lock*/"
"01.w_Defects/dead_lock.c:629","/*ERROR:Dead Lock*/"
"01.w_Defects/dead_lock.c:62","/*ERROR:Dead Lock*/"
"01.w_Defects/deletion_of_data_structure_sentinel.c:25","/*ERROR:Deletion of a data structure sentinel*/"
"01.w_Defects/deletion_of_data_structure_sentinel.c:40","/*ERROR:Deletion of a data structure sentinel*/"
"01.w_Defects/deletion_of_data_structure_sentinel.c:61","/*ERROR:Deletion of a data structure sentinel*/"
"01.w_Defects/double_free.c:101","/*ERROR:Double free*/"
"01.w_Defects/double_free.c:115","/*ERROR:Double free*/"
"01.w_Defects/double_free.c:131","/*ERROR:Double free*/"
"01.w_Defects/double_free.c:149","/*ERROR:Double free*/"
"01.w_Defects/double_free.c:168","/*ERROR:Double free*/"
"01.w_Defects/double_free.c:187","/*ERROR:Double free*/"
"01.w_Defects/double_free.c:204","/*ERROR:Double free*/"
"01.w_Defects/double_free.c:222","/*ERROR:Double free*/"
"01.w_Defects/double_free.c:22","/*ERROR:Double free*/"
"01.w_Defects/double_free.c:43","/*ERROR:Double free*/"
"01.w_Defects/double_free.c:64","/*ERROR:Double free*/"
"01.w_Defects/double_free.c:87","/*ERROR:Double free*/"
"01.w_Defects/double_lock.c:141","/*ERROR:Double Lock*/"
"01.w_Defects/double_lock.c:209","/*ERROR:Double Lock*/"
"01.w_Defects/double_lock.c:42","/*ERROR:Double Lock*/"
"01.w_Defects/double_lock.c:94","/*ERROR:Double Lock*/"
"01.w_Defects/double_release.c:133","/*ERROR:Double UnLock*/"
"01.w_Defects/double_release.c:178","/*ERROR:Double UnLock*/"
"01.w_Defects/double_release.c:226","/*ERROR:Double UnLock*/"
"01.w_Defects/double_release.c:283","/*ERROR:Double UnLock*/"
"01.w_Defects/double_release.c:35","/*ERROR:Double UnLock*/"
"01.w_Defects/endless_loop.c:111","/*ERROR:Unintentional end less loop*/"
"01.w_Defects/endless_loop.c:133","/*ERROR:Unintentional end less loop*/"
"01.w_Defects/endless_loop.c:150","/*ERROR:Unintentional end less loop*/"
"01.w_Defects/endless_loop.c:166","/*ERROR:Unintentional end less loop*/"
"01.w_Defects/endless_loop.c:24","/*ERROR:Unintentional end less loop*/"
"01.w_Defects/endless_loop.c:41","/*ERROR:Unintentional end less loop*/"
"01.w_Defects/endless_loop.c:57","/*ERROR:Unintentional end less loop*/"
"01.w_Defects/endless_loop.c:74","/*ERROR:Unintentional end less loop*/"
"01.w_Defects/endless_loop.c:95","/*ERROR:Unintentional end less loop*/"
"01.w_Defects/free_nondynamic_allocated_memory.c:103","/*ERROR:Free memory not allocated dynamically*/"
"01.w_Defects/free_nondynamic_allocated_memory.c:115","/*ERROR:Free memory not allocated dynamically*/"
"01.w_Defects/free_nondynamic_allocated_memory.c:128","/*ERROR:Free memory not allocated dynamically*/"
"01.w_Defects/free_nondynamic_allocated_memory.c:141","/*ERROR:Free memory not allocated dynamically*/"
"01.w_Defects/free_nondynamic_allocated_memory.c:155","/*ERROR:Free memory not allocated dynamically*/"
"01.w_Defects/free_nondynamic_allocated_memory.c:170","/*ERROR:Free memory not allocated dynamically*/"
"01.w_Defects/free_nondynamic_allocated_memory.c:187","/*ERROR:Free memory not allocated dynamically*/"
"01.w_Defects/free_nondynamic_allocated_memory.c:229","/*ERROR:Free memory not allocated dynamically*/"
"01.w_Defects/free_nondynamic_allocated_memory.c:22","/*ERROR:Free memory not allocated dynamically*/"
"01.w_Defects/free_nondynamic_allocated_memory.c:239","/*ERROR:Free memory not allocated dynamically*/"
"01.w_Defects/free_nondynamic_allocated_memory.c:262","/*ERROR:Free memory not allocated dynamically*/"
"01.w_Defects/free_nondynamic_allocated_memory.c:36","/*ERROR:Free memory not allocated dynamically*/"
"01.w_Defects/free_nondynamic_allocated_memory.c:47","/*ERROR:Free memory not allocated dynamically*/"
"01.w_Defects/free_nondynamic_allocated_memory.c:62","/*ERROR:Free memory not allocated dynamically*/"
"01.w_Defects/free_nondynamic_allocated_memory.c:86","/*ERROR:Free memory not allocated dynamically*/"
"01.w_Defects/free_null_pointer.c:110","*//*ERROR:Freeing a NULL pointer*/"
"01.w_Defects/free_null_pointer.c:151","*//*ERROR:Freeing a NULL pointer*/"
"01.w_Defects/free_null_pointer.c:209","*//*ERROR:Freeing a NULL pointer*/"
"01.w_Defects/free_null_pointer.c:23","/*ERROR:Freeing a NULL pointer*/"
"01.w_Defects/free_null_pointer.c:242","*//*ERROR:Freeing a NULL pointer*/"
"01.w_Defects/free_null_pointer.c:288","*//*ERROR:Freeing a NULL pointer*/"
"01.w_Defects/free_null_pointer.c:338","NULL;/*ERROR:Freeing a NULL pointer*/"
"01.w_Defects/free_null_pointer.c:36","*//*ERROR:Freeing a NULL pointer*/"
"01.w_Defects/free_null_pointer.c:397","*//*ERROR:Freeing a NULL pointer*/"
"01.w_Defects/free_null_pointer.c:459","*//*ERROR:Freeing a NULL pointer*/"
"01.w_Defects/free_null_pointer.c:490","*//*ERROR:Freeing a NULL pointer*/"
"01.w_Defects/free_null_pointer.c:550","*//*ERROR:Freeing a NULL pointer*/"
"01.w_Defects/free_null_pointer.c:56","(buf);/*ERROR:Freeing a NULL pointer*/"
"01.w_Defects/free_null_pointer.c:85","*//*ERROR:Freeing a NULL pointer*/"
"01.w_Defects/func_pointer.c:123","/*ERROR:Bad function pointer casting*/"
"01.w_Defects/func_pointer.c:172","/*ERROR:Bad function pointer casting*/"
"01.w_Defects/func_pointer.c:256","/*ERROR:Bad function pointer casting*/"
"01.w_Defects/func_pointer.c:285","/*ERROR:Bad function pointer casting*/"
"01.w_Defects/func_pointer.c:308","/*ERROR:Bad function pointer casting*/"
"01.w_Defects/func_pointer.c:352","/*ERROR:Bad function pointer casting*/"
"01.w_Defects/func_pointer.c:375","/*ERROR:Bad function pointer casting*/"
"01.w_Defects/func_pointer.c:419","/*ERROR:Bad function pointer casting*/"
"01.w_Defects/func_pointer.c:42","/*ERROR:Bad function pointer casting*/"
"01.w_Defects/func_pointer.c:454","/*ERROR:Bad function pointer casting*/"
"01.w_Defects/func_pointer.c:485","/*ERROR:Bad function pointer casting*/"
"01.w_Defects/func_pointer.c:538","/*ERROR:Bad function pointer casting*/"
"01.w_Defects/func_pointer.c:592","/*ERROR:Bad function pointer casting*/"
"01.w_Defects/func_pointer.c:61","/*ERROR:Bad function pointer casting*/"
"01.w_Defects/func_pointer.c:81","/*ERROR:Bad function pointer casting*/"
"01.w_Defects/function_return_value_unchecked.c:116","/*ERROR:Return value of function never checked*/"
"01.w_Defects/function_return_value_unchecked.c:171","/*ERROR:Return value of function never checked*/"
"01.w_Defects/function_return_value_unchecked.c:211","/*ERROR:Return value of function never checked*/"
"01.w_Defects/function_return_value_unchecked.c:238","/*ERROR:Return value of function never checked*/"
"01.w_Defects/function_return_value_unchecked.c:256","/*ERROR:Return value of function never checked*/"
"01.w_Defects/function_return_value_unchecked.c:294","/*ERROR:Return value of function never checked*/"
"01.w_Defects/function_return_value_unchecked.c:310","/*ERROR:Return value of function never checked*/"
"01.w_Defects/function_return_value_unchecked.c:334","/*ERROR:Return value of function never checked*/"
"01.w_Defects/function_return_value_unchecked.c:346","/*ERROR:Return value of function never checked*/"
"01.w_Defects/function_return_value_unchecked.c:364","/*ERROR:Return value of function never checked*/"
"01.w_Defects/function_return_value_unchecked.c:377","/*ERROR:Return value of function never checked*/"
"01.w_Defects/function_return_value_unchecked.c:391","/*ERROR:Return value of function never checked*/"
"01.w_Defects/function_return_value_unchecked.c:430","/*ERROR:Return value of function never checked*/"
"01.w_Defects/function_return_value_unchecked.c:48","/*ERROR:Return value of function never checked*/"
"01.w_Defects/function_return_value_unchecked.c:69","/*ERROR:Return value of function never checked*/"
"01.w_Defects/function_return_value_unchecked.c:86","/*ERROR:Return value of function never checked*/"
"01.w_Defects/improper_termination_of_block.c:22","/*ERROR:Improper termination of block*/"
"01.w_Defects/improper_termination_of_block.c:38","/*ERROR:Improper termination of block*/"
"01.w_Defects/improper_termination_of_block.c:52","/*ERROR:Improper termination of block*/"
"01.w_Defects/improper_termination_of_block.c:67","/*ERROR:Improper termination of block*/"
"01.w_Defects/insign_code.c:24","/*ERROR:Useless Assignment */"
"01.w_Defects/invalid_extern.c:20","/*ERROR:Bad extern type for global variable*/"
"01.w_Defects/invalid_extern.c:21","/*ERROR:Bad extern type for global variable*/"
"01.w_Defects/invalid_extern.c:22","/*ERROR:Bad extern type for global variable*/"
"01.w_Defects/invalid_extern.c:23","/*ERROR:Bad extern type for global variable*/"
"01.w_Defects/invalid_extern.c:24","/*ERROR:Bad extern type for global variable*/"
"01.w_Defects/invalid_extern.c:27","/*ERROR:Bad extern type for global variable*/"
"01.w_Defects/invalid_memory_access.c:105","/*ERROR:Invalid memory access to already freed area*/"
"01.w_Defects/invalid_memory_access.c:133","/*ERROR:Invalid memory access to already freed area*/"
"01.w_Defects/invalid_memory_access.c:147","/*ERROR:Invalid memory access to already freed area*/"
"01.w_Defects/invalid_memory_access.c:188","/*ERROR:Invalid memory access to already freed area*/"
"01.w_Defects/invalid_memory_access.c:210","/*ERROR:Invalid memory access to already freed area*/"
"01.w_Defects/invalid_memory_access.c:224","/*ERROR:Invalid memory access to already freed area*/"
"01.w_Defects/invalid_memory_access.c:270","/*ERROR:Invalid memory access to already freed area*/"
"01.w_Defects/invalid_memory_access.c:294","/*ERROR:Invalid memory access to already freed area*/"
"01.w_Defects/invalid_memory_access.c:320","/*ERROR:Invalid memory access to already freed area*/"
"01.w_Defects/invalid_memory_access.c:371","/*ERROR:Invalid memory access to already freed area*/"
"01.w_Defects/invalid_memory_access.c:432","/*ERROR:Invalid memory access to already freed area*/"
"01.w_Defects/invalid_memory_access.c:45","/*ERROR:Invalid memory access to already freed area*/"
"01.w_Defects/invalid_memory_access.c:476","/*ERROR:Invalid memory access to already freed area*/"
"01.w_Defects/invalid_memory_access.c:516","/*ERROR:Invalid memory access to already freed area*/"
"01.w_Defects/invalid_memory_access.c:568","/*ERROR:Invalid memory access to already freed area*/"
"01.w_Defects/invalid_memory_access.c:622","/*ERROR:Invalid memory access to already freed area*/"
"01.w_Defects/invalid_memory_access.c:84","/*ERROR:Invalid memory access to already freed area*/"
"01.w_Defects/littlemem_st.c:117","/*ERROR:Little Memory or Overflow*/"
"01.w_Defects/littlemem_st.c:144","/*ERROR:Little Memory or Overflow*/"
"01.w_Defects/littlemem_st.c:185","/*ERROR:Little Memory or Overflow*/"
"01.w_Defects/littlemem_st.c:228","/*ERROR:Little Memory or Overflow*/"
"01.w_Defects/littlemem_st.c:272","/*ERROR:Little Memory or Overflow*/"
"01.w_Defects/littlemem_st.c:307","/*ERROR:Little Memory or Overflow*/"
"01.w_Defects/littlemem_st.c:343","/*ERROR:Little Memory or Overflow*/"
"01.w_Defects/littlemem_st.c:36","/*ERROR:Little Memory or Overflow*/"
"01.w_Defects/littlemem_st.c:55","/*ERROR:Little Memory or Overflow*/"
"01.w_Defects/littlemem_st.c:73","/*ERROR:Little Memory or Overflow*/"
"01.w_Defects/littlemem_st.c:92","/*ERROR:Little Memory or Overflow*/"
"01.w_Defects/lock_never_unlock.c:149","/* ERROR:Lock Never Unlock */"
"01.w_Defects/lock_never_unlock.c:215","/* ERROR:Lock Never Unlock */"
"01.w_Defects/lock_never_unlock.c:266","/* ERROR:Lock Never Unlock */"
"01.w_Defects/lock_never_unlock.c:311","/* ERROR:Lock Never Unlock */"
"01.w_Defects/lock_never_unlock.c:403","/* ERROR:Lock Never Unlock */"
"01.w_Defects/lock_never_unlock.c:454","/* ERROR:Lock Never Unlock */"
"01.w_Defects/lock_never_unlock.c:45","/* ERROR:Lock Never Unlock */"
"01.w_Defects/lock_never_unlock.c:556","/* ERROR:Lock Never Unlock */"
"01.w_Defects/lock_never_unlock.c:92","/* ERROR:Lock Never Unlock */"
"01.w_Defects/memory_allocation_failure.c:103","/*ERROR:Memory allocation failure */"
"01.w_Defects/memory_allocation_failure.c:122","/*ERROR:Memory allocation failure */"
"01.w_Defects/memory_allocation_failure.c:181","/*ERROR:Memory allocation failure */"
"01.w_Defects/memory_allocation_failure.c:219","/*ERROR:Memory allocation failure */"
"01.w_Defects/memory_allocation_failure.c:257","/*ERROR:Memory allocation failure */"
"01.w_Defects/memory_allocation_failure.c:281","/*ERROR:Memory allocation failure */"
"01.w_Defects/memory_allocation_failure.c:320","/*ERROR:Memory allocation failure */"
"01.w_Defects/memory_allocation_failure.c:384","/*ERROR:Memory allocation failure */"
"01.w_Defects/memory_allocation_failure.c:422","/*ERROR:Memory allocation failure */"
"01.w_Defects/memory_allocation_failure.c:44","/*ERROR:Memory allocation failure */"
"01.w_Defects/memory_allocation_failure.c:486","/*ERROR:Memory allocation failure */"
"01.w_Defects/memory_allocation_failure.c:531","/*ERROR:Memory allocation failure */"
"01.w_Defects/memory_allocation_failure.c:56","/*ERROR:Memory allocation failure */"
"01.w_Defects/memory_allocation_failure.c:641","/*ERROR:Memory allocation failure */"
"01.w_Defects/memory_allocation_failure.c:697","/*ERROR:Memory allocation failure */"
"01.w_Defects/memory_allocation_failure.c:75","/*ERROR:Memory allocation failure */"
"01.w_Defects/memory_leak.c:112","/*ERROR:Memory Leakage */"
"01.w_Defects/memory_leak.c:143","/*ERROR:Memory Leakage */"
"01.w_Defects/memory_leak.c:164","/*ERROR:Memory Leakage */"
"01.w_Defects/memory_leak.c:212","/*ERROR:Memory Leakage */"
"01.w_Defects/memory_leak.c:228","/*ERROR:Memory Leakage */"
"01.w_Defects/memory_leak.c:245","/*ERROR:Memory Leakage */"
"01.w_Defects/memory_leak.c:25","/*ERROR:Memory Leakage */"
"01.w_Defects/memory_leak.c:267","/*ERROR:Memory Leakage */"
"01.w_Defects/memory_leak.c:308","/*ERROR:Memory Leakage */"
"01.w_Defects/memory_leak.c:348","/*ERROR:Memory Leakage */"
"01.w_Defects/memory_leak.c:373","/*ERROR:Memory Leakage */"
"01.w_Defects/memory_leak.c:399","/*ERROR:Memory Leakage */"
"01.w_Defects/memory_leak.c:417","/*ERROR:Memory Leakage */"
"01.w_Defects/memory_leak.c:445","/*ERROR:Memory Leakage */"
"01.w_Defects/memory_leak.c:46","/*ERROR:Memory Leakage */"
"01.w_Defects/memory_leak.c:504","/*ERROR:Memory Leakage */"
"01.w_Defects/memory_leak.c:72","/*ERROR:Memory Leakage */"
"01.w_Defects/memory_leak.c:94","/*ERROR:Memory Leakage */"
"01.w_Defects/not_return.c:24","/*ERROR: No return value */"
"01.w_Defects/not_return.c:50","/*ERROR: No return value */"
"01.w_Defects/not_return.c:76","/*ERROR: No return value */"
"01.w_Defects/not_return.c:99","/*ERROR: No return value */"
"01.w_Defects/null_pointer.c:105","/*ERROR:NULL pointer dereference*/"
"01.w_Defects/null_pointer.c:117","/*ERROR:NULL pointer dereference*/"
"01.w_Defects/null_pointer.c:133","/*ERROR:NULL pointer dereference*/"
"01.w_Defects/null_pointer.c:142","/*ERROR:NULL pointer dereference*/"
"01.w_Defects/null_pointer.c:159","/*ERROR:NULL pointer dereference*/"
"01.w_Defects/null_pointer.c:173","/*ERROR:NULL pointer dereference*/"
"01.w_Defects/null_pointer.c:180","/*ERROR:NULL pointer dereference*/"
"01.w_Defects/null_pointer.c:196","/*ERROR:NULL pointer dereference*/"
"01.w_Defects/null_pointer.c:213","/*ERROR:NULL pointer dereference*/"
"01.w_Defects/null_pointer.c:238","/*ERROR:NULL pointer dereference*/"
"01.w_Defects/null_pointer.c:23","/*ERROR:NULL pointer dereference*/"
"01.w_Defects/null_pointer.c:288","/*ERROR:NULL pointer dereference*/"
"01.w_Defects/null_pointer.c:334","/*ERROR:NULL pointer dereference*/"
"01.w_Defects/null_pointer.c:34","/*ERROR:NULL pointer dereference*/"
"01.w_Defects/null_pointer.c:47","/*ERROR:NULL pointer dereference*/"
"01.w_Defects/null_pointer.c:63","/*ERROR:NULL pointer dereference*/"
"01.w_Defects/null_pointer.c:94","/*ERROR:NULL pointer dereference*/"
"01.w_Defects/overrun_st.c:110","/*ERROR: buffer overrun */"
"01.w_Defects/overrun_st.c:126","/*ERROR: buffer overrun */"
"01.w_Defects/overrun_st.c:142","/*ERROR: buffer overrun */"
"01.w_Defects/overrun_st.c:158","/*ERROR: buffer overrun */"
"01.w_Defects/overrun_st.c:169","/*ERROR: buffer overrun */"
"01.w_Defects/overrun_st.c:182","/*ERROR: buffer overrun */"
"01.w_Defects/overrun_st.c:194","/*ERROR: buffer overrun */"
"01.w_Defects/overrun_st.c:206","/*ERROR: buffer overrun */"
"01.w_Defects/overrun_st.c:21","/*ERROR: buffer overrun */"
"01.w_Defects/overrun_st.c:222","/*ERROR: buffer overrun */"
"01.w_Defects/overrun_st.c:233","/*ERROR: buffer overrun */"
"01.w_Defects/overrun_st.c:250","/*ERROR: buffer overrun */"
"01.w_Defects/overrun_st.c:264","/*ERROR: buffer overrun */"
"01.w_Defects/overrun_st.c:280","/*ERROR: buffer overrun */"
"01.w_Defects/overrun_st.c:293","/*ERROR: buffer overrun */"
"01.w_Defects/overrun_st.c:306","/*ERROR: buffer overrun */"
"01.w_Defects/overrun_st.c:320","/*ERROR: buffer overrun */"
"01.w_Defects/overrun_st.c:32","/*ERROR: buffer overrun */"
"01.w_Defects/overrun_st.c:333","/*ERROR: buffer overrun */"
"01.w_Defects/overrun_st.c:346","/*ERROR: buffer overrun */"
"01.w_Defects/overrun_st.c:359","/*ERROR: buffer overrun */"
"01.w_Defects/overrun_st.c:372","/*ERROR: buffer overrun */"
"01.w_Defects/overrun_st.c:387","/*ERROR: buffer overrun */"
"01.w_Defects/overrun_st.c:402","/*ERROR: buffer overrun */"
"01.w_Defects/overrun_st.c:415","/*ERROR: buffer overrun */"
"01.w_Defects/overrun_st.c:428","/*ERROR: buffer overrun */"
"01.w_Defects/overrun_st.c:443","/*ERROR: buffer overrun */"
"01.w_Defects/overrun_st.c:44","/*ERROR: buffer overrun */"
"01.w_Defects/overrun_st.c:457","/*ERROR: buffer overrun */"
"01.w_Defects/overrun_st.c:471","/*ERROR: buffer overrun */"
"01.w_Defects/overrun_st.c:489","/*ERROR: buffer overrun */"
"01.w_Defects/overrun_st.c:502","/*ERROR: buffer overrun */"
"01.w_Defects/overrun_st.c:522","/*ERROR: buffer overrun */"
"01.w_Defects/overrun_st.c:538","/*ERROR: buffer overrun */"
"01.w_Defects/overrun_st.c:556","/*ERROR: buffer overrun */"
"01.w_Defects/overrun_st.c:55","/*ERROR: buffer overrun */"
"01.w_Defects/overrun_st.c:570","/*ERROR: buffer overrun */"
"01.w_Defects/overrun_st.c:588","/*ERROR: buffer overrun */"
"01.w_Defects/overrun_st.c:613","/*ERROR: buffer overrun */"
"01.w_Defects/overrun_st.c:631","/*ERROR: buffer overrun */"
"01.w_Defects/overrun_st.c:642","/*ERROR: buffer overrun */"
"01.w_Defects/overrun_st.c:658","/*ERROR: buffer overrun */"
"01.w_Defects/overrun_st.c:66","/*ERROR: buffer overrun */"
"01.w_Defects/overrun_st.c:674","/*ERROR: buffer overrun */"
"01.w_Defects/overrun_st.c:689","/*ERROR: buffer overrun */"
"01.w_Defects/overrun_st.c:706","/*ERROR: buffer overrun */"
"01.w_Defects/overrun_st.c:724","/*ERROR: buffer overrun */"
"01.w_Defects/overrun_st.c:739","/*ERROR: buffer overrun */"
"01.w_Defects/overrun_st.c:749","/*ERROR: buffer overrun */"
"01.w_Defects/overrun_st.c:761","/*ERROR: buffer overrun */"
"01.w_Defects/overrun_st.c:773","/*ERROR: buffer overrun */"
"01.w_Defects/overrun_st.c:77","/*ERROR: buffer overrun */"
"01.w_Defects/overrun_st.c:88","/*ERROR: buffer overrun */"
"01.w_Defects/overrun_st.c:99","/*ERROR: buffer overrun */"
"01.w_Defects/ow_memcpy.c:24","/*ERROR:copy of the overlapped area*/"
"01.w_Defects/ow_memcpy.c:41","/*ERROR:copy of the overlapped area*/"
"01.w_Defects/pow_related_errors.c:109","/*ERROR:Data Overflow*/"
"01.w_Defects/pow_related_errors.c:131","/*ERROR:Data Overflow*/"
"01.w_Defects/pow_related_errors.c:158","/*ERROR:Data Overflow*/"
"01.w_Defects/pow_related_errors.c:175","/*ERROR:Data Overflow*/"
"01.w_Defects/pow_related_errors.c:190","/*ERROR:Data Overflow*/"
"01.w_Defects/pow_related_errors.c:205","/*ERROR:Data Overflow*/"
"01.w_Defects/pow_related_errors.c:220","/*ERROR:Data Overflow*/"
"01.w_Defects/pow_related_errors.c:235","/*ERROR:Data Overflow*/"
"01.w_Defects/pow_related_errors.c:250","/*ERROR:Data Overflow*/"
"01.w_Defects/pow_related_errors.c:265","/*ERROR:Data Overflow*/"
"01.w_Defects/pow_related_errors.c:280","/*ERROR:Data Overflow*/"
"01.w_Defects/pow_related_errors.c:295","/*ERROR:Data Overflow*/"
"01.w_Defects/pow_related_errors.c:29","/*ERROR:Data Overflow*/"
"01.w_Defects/pow_related_errors.c:310","/*ERROR:Data Overflow*/"
"01.w_Defects/pow_related_errors.c:325","/*ERROR:Data Overflow*/"
"01.w_Defects/pow_related_errors.c:340","/*ERROR:Data Overflow*/"
"01.w_Defects/pow_related_errors.c:355","/*ERROR:Data Overflow*/"
"01.w_Defects/pow_related_errors.c:370","/*ERROR:Data Overflow*/"
"01.w_Defects/pow_related_errors.c:385","/*ERROR:Data Overflow*/"
"01.w_Defects/pow_related_errors.c:400","/*ERROR:Data Overflow*/"
"01.w_Defects/pow_related_errors.c:415","/*ERROR:Data Overflow*/"
"01.w_Defects/pow_related_errors.c:430","/*ERROR:Data Overflow*/"
"01.w_Defects/pow_related_errors.c:445","/*ERROR:Data Overflow*/"
"01.w_Defects/pow_related_errors.c:44","/*ERROR:Data Overflow*/"
"01.w_Defects/pow_related_errors.c:460","/*ERROR:Data Overflow*/"
"01.w_Defects/pow_related_errors.c:475","/*ERROR:Data Overflow*/"
"01.w_Defects/pow_related_errors.c:490","/*ERROR:Data Overflow*/"
"01.w_Defects/pow_related_errors.c:65","/*ERROR:Data Overflow*/"
"01.w_Defects/pow_related_errors.c:87","/*ERROR:Data Overflow*/"
"01.w_Defects/ptr_subtraction.c:22","/*ERROR:Incorrect pointer arithmetic*/"
"01.w_Defects/ptr_subtraction.c:35","/*ERROR:Incorrect pointer arithmetic*/"
"01.w_Defects/race_condition.c:139","/*ERROR:Race condition*/"
"01.w_Defects/race_condition.c:154","/*ERROR:Race condition*/"
"01.w_Defects/race_condition.c:214","/*ERROR:Race condition*/"
"01.w_Defects/race_condition.c:24","/*ERROR:Race condition*/"
"01.w_Defects/race_condition.c:268","/*ERROR:Race condition*/"
"01.w_Defects/race_condition.c:333","/*ERROR:Race condition*/"
"01.w_Defects/race_condition.c:60","/*ERROR:Race condition*/"
"01.w_Defects/race_condition.c:93","/*ERROR:Race condition*/"
"01.w_Defects/redundant_cond.c:102","/*ERROR:Redundant condition*/"
"01.w_Defects/redundant_cond.c:123","/*ERROR:Redundant condition*/"
"01.w_Defects/redundant_cond.c:143","/*ERROR:Redundant condition*/"
"01.w_Defects/redundant_cond.c:158","/*ERROR:Redundant condition*/"
"01.w_Defects/redundant_cond.c:177","/*ERROR:Redundant condition*/"
"01.w_Defects/redundant_cond.c:197","/*ERROR:Redundant condition*/"
"01.w_Defects/redundant_cond.c:217","/*ERROR:Redundant condition*/"
"01.w_Defects/redundant_cond.c:237","/*ERROR:Redundant condition*/"
"01.w_Defects/redundant_cond.c:257","/*ERROR:Redundant condition*/"
"01.w_Defects/redundant_cond.c:26","/*ERROR:Redundant condition*/"
"01.w_Defects/redundant_cond.c:282","/*ERROR:Redundant condition*/"
"01.w_Defects/redundant_cond.c:45","/*ERROR:Redundant condition*/"
"01.w_Defects/redundant_cond.c:64","/*ERROR:Redundant condition*/"
"01.w_Defects/redundant_cond.c:83","/*ERROR:Redundant condition*/"
"01.w_Defects/return_local.c:19","/*ERROR: return - pointer to local variable */"
"01.w_Defects/return_local.c:36","/*ERROR: return -pointer to local variable */"
"01.w_Defects/sleep_lock.c:124","/*Error:Long Sleep */"
"01.w_Defects/sleep_lock.c:173","/*Error:Long Sleep */"
"01.w_Defects/sleep_lock.c:50","/*Error:Long Sleep */"
"01.w_Defects/st_cross_thread_access.c:153","/*ERROR:Cross thread stack access error*/"
"01.w_Defects/st_cross_thread_access.c:251","/*ERROR:Cross thread stack access error*/"
"01.w_Defects/st_cross_thread_access.c:335","/*ERROR:Cross thread stack access error*/"
"01.w_Defects/st_cross_thread_access.c:411","/*ERROR:Cross thread stack access error*/"
"01.w_Defects/st_cross_thread_access.c:498","/*ERROR:Cross thread stack access error*/"
"01.w_Defects/st_cross_thread_access.c:64","/*ERROR:Cross thread stack access error*/"
"01.w_Defects/st_overflow.c:115","/*ERROR:Stack overflow*/"
"01.w_Defects/st_overflow.c:147","/*ERROR:Stack overflow*/"
"01.w_Defects/st_overflow.c:180","/*ERROR:Stack overflow*/"
"01.w_Defects/st_overflow.c:21","/*ERROR:Stack overflow*/"
"01.w_Defects/st_overflow.c:222","/*ERROR:Stack overflow*/"
"01.w_Defects/st_overflow.c:49","/*ERROR:Stack overflow*/"
"01.w_Defects/st_overflow.c:76","/*ERROR:Stack overflow*/"
"01.w_Defects/st_underrun.c:193","/* Error: Stack Under RUN error */"
"01.w_Defects/underrun_st.c:109","/*ERROR:Data Underrun*/"
"01.w_Defects/underrun_st.c:124","/*ERROR:Data Underrun*/"
"01.w_Defects/underrun_st.c:140","/*ERROR:Data Underrun*/"
"01.w_Defects/underrun_st.c:155","/*ERROR:Data Underrun*/"
"01.w_Defects/underrun_st.c:172","/*ERROR:Data Underrun*/"
"01.w_Defects/underrun_st.c:190","/*ERROR:Data Underrun*/"
"01.w_Defects/underrun_st.c:21","/*ERROR:Data Underrun*/"
"01.w_Defects/underrun_st.c:31","/*ERROR:Data Underrun*/"
"01.w_Defects/underrun_st.c:42","/*ERROR:Data Underrun*/"
"01.w_Defects/underrun_st.c:55","/*ERROR:Data Underrun*/"
"01.w_Defects/underrun_st.c:67","/*ERROR:Data Underrun*/"
"01.w_Defects/underrun_st.c:80","/*ERROR:Data Underrun*/"
"01.w_Defects/underrun_st.c:93","/*ERROR:Data Underrun*/"
"01.w_Defects/uninit_memory_access.c:127","/*ERROR:Uninitialized Memory Access*/"
"01.w_Defects/uninit_memory_access.c:154","/*ERROR:Uninitialized Memory Access*/"
"01.w_Defects/uninit_memory_access.c:199","/*ERROR:Uninitialized Memory Access*/"
"01.w_Defects/uninit_memory_access.c:248","/*ERROR:Uninitialized Memory Access*/"
"01.w_Defects/uninit_memory_access.c:26","/*ERROR:Uninitialized Memory Access*/"
"01.w_Defects/uninit_memory_access.c:297","/*ERROR:Uninitialized Memory Access*/"
"01.w_Defects/uninit_memory_access.c:318","/*ERROR:Uninitialized Memory Access*/"
"01.w_Defects/uninit_memory_access.c:338","/*ERROR:Uninitialized Memory Access*/"
"01.w_Defects/uninit_memory_access.c:368","/*ERROR:Uninitialized Memory Access*/"
"01.w_Defects/uninit_memory_access.c:38","/*ERROR:Uninitialized Memory Access*/"
"01.w_Defects/uninit_memory_access.c:418","/*ERROR:Uninitialized Memory Access*/"
"01.w_Defects/uninit_memory_access.c:439","/*ERROR:Uninitialized Memory Access*/"
"01.w_Defects/uninit_memory_access.c:54","/*ERROR:Uninitialized Memory Access*/"
"01.w_Defects/uninit_memory_access.c:73","/*ERROR:Uninitialized Memory Access*/"
"01.w_Defects/uninit_memory_access.c:97","/*ERROR:Uninitialized Memory Access*/"
"01.w_Defects/uninit_pointer.c:103","/*ERROR:Uninitialized pointer*/"
"01.w_Defects/uninit_pointer.c:130","/*ERROR:Uninitialized pointer*/"
"01.w_Defects/uninit_pointer.c:158","/*ERROR:Uninitialized pointer*/"
"01.w_Defects/uninit_pointer.c:186","/*ERROR:Uninitialized pointer*/"
"01.w_Defects/uninit_pointer.c:199","/*ERROR:Uninitialized pointer*/"
"01.w_Defects/uninit_pointer.c:230","/*ERROR:Uninitialized pointer*/"
"01.w_Defects/uninit_pointer.c:253","/*ERROR:Uninitialized pointer*/"
"01.w_Defects/uninit_pointer.c:276","/*ERROR:Uninitialized pointer*/"
"01.w_Defects/uninit_pointer.c:29","/*ERROR:Uninitialized pointer*/"
"01.w_Defects/uninit_pointer.c:334","/*ERROR:Uninitialized pointer*/"
"01.w_Defects/uninit_pointer.c:357","/*ERROR:Uninitialized pointer*/"
"01.w_Defects/uninit_pointer.c:405","/*ERROR:Uninitialized pointer*/"
"01.w_Defects/uninit_pointer.c:40","/*ERROR:Uninitialized pointer*/"
"01.w_Defects/uninit_pointer.c:54","/*ERROR:Uninitialized pointer*/"
"01.w_Defects/uninit_pointer.c:70","/*ERROR:Uninitialized pointer*/"
"01.w_Defects/uninit_pointer.c:94","/*ERROR:Uninitialized pointer*/"
"01.w_Defects/uninit_var.c:110","/*ERROR:Uninitialized Variable*/"
"01.w_Defects/uninit_var.c:130","/*ERROR:Uninitialized Variable*/"
"01.w_Defects/uninit_var.c:141","/*ERROR:Uninitialized Variable*/"
"01.w_Defects/uninit_var.c:160","/*ERROR:Uninitialized Variable*/"
"01.w_Defects/uninit_var.c:177","/*ERROR:Uninitialized Variable*/"
"01.w_Defects/uninit_var.c:200","/*ERROR:Uninitialized Variable*/"
"01.w_Defects/uninit_var.c:22","/*ERROR:Uninitialized Variable*/"
"01.w_Defects/uninit_var.c:241","/*ERROR:Uninitialized Variable*/"
"01.w_Defects/uninit_var.c:266","/*ERROR:Uninitialized Variable*/"
"01.w_Defects/uninit_var.c:295","/*ERROR:Uninitialized Variable*/"
"01.w_Defects/uninit_var.c:33","/*ERROR:Uninitialized Variable*/"
"01.w_Defects/uninit_var.c:44","/*ERROR:Uninitialized Variable*/"
"01.w_Defects/uninit_var.c:62","/*ERROR:Uninitialized Variable*/"
"01.w_Defects/uninit_var.c:74","/*ERROR:Uninitialized Variable*/"
"01.w_Defects/uninit_var.c:91","/*ERROR:Uninitialized Variable*/"
"01.w_Defects/unlock_without_lock.c:109","/* ERROR:UnLock without lock */"
"01.w_Defects/unlock_without_lock.c:162","/* ERROR:UnLock without lock */"
"01.w_Defects/unlock_without_lock.c:278","/* ERROR:UnLock without lock */"
"01.w_Defects/unlock_without_lock.c:324","/* ERROR:UnLock without lock */"
"01.w_Defects/unlock_without_lock.c:371","/* ERROR:UnLock without lock */"
"01.w_Defects/unlock_without_lock.c:43","/* ERROR:UnLock without lock */"
"01.w_Defects/unlock_without_lock.c:471","/* ERROR:UnLock without lock */"
"01.w_Defects/unlock_without_lock.c:543","/* ERROR:Unlock without Lock */"
"01.w_Defects/unused_var.c:103","/*ERROR:Unused variable*/"
"01.w_Defects/unused_var.c:117","/*ERROR:Unused variable*/"
"01.w_Defects/unused_var.c:151","/*ERROR:Unused variable*/"
"01.w_Defects/unused_var.c:23","/*ERROR:Unused variable*/"
"01.w_Defects/unused_var.c:41","/*ERROR:Unused variable*/"
"01.w_Defects/unused_var.c:77","/*ERROR:Unused variable*/"
"01.w_Defects/unused_var.c:90","/*ERROR:Unused variable*/"
"01.w_Defects/wrong_arguments_func_pointer.c:113","error*//*ERROR:Wrong arguments passed to a function pointer*/"
"01.w_Defects/wrong_arguments_func_pointer.c:140","error*//*ERROR:Wrong arguments passed to a function pointer*/"
"01.w_Defects/wrong_arguments_func_pointer.c:160","error*//*ERROR:Wrong arguments passed to a function pointer*/"
"01.w_Defects/wrong_arguments_func_pointer.c:181","error*//*ERROR:Wrong arguments passed to a function pointer*/"
"01.w_Defects/wrong_arguments_func_pointer.c:200","error*//*ERROR:Wrong arguments passed to a function pointer*/"
"01.w_Defects/wrong_arguments_func_pointer.c:224","error*//*ERROR:Wrong arguments passed to a function pointer*/"
"01.w_Defects/wrong_arguments_func_pointer.c:249","error*//*ERROR:Wrong arguments passed to a function pointer*/"
"01.w_Defects/wrong_arguments_func_pointer.c:297","error*//*ERROR:Wrong arguments passed to a function pointer*/"
"01.w_Defects/wrong_arguments_func_pointer.c:353","error*//*ERROR:Wrong arguments passed to a function pointer*/"
"01.w_Defects/wrong_arguments_func_pointer.c:380","error*//*ERROR:Wrong arguments passed to a function pointer*/"
"01.w_Defects/wrong_arguments_func_pointer.c:422","error*//*ERROR:Wrong arguments passed to a function pointer*/"
"01.w_Defects/wrong_arguments_func_pointer.c:456","error*//*ERROR:Wrong arguments passed to a function pointer*/"
"01.w_Defects/wrong_arguments_func_pointer.c:489","error*//*ERROR:Wrong arguments passed to a function pointer*/"
"01.w_Defects/wrong_arguments_func_pointer.c:527","error*//*ERROR:Wrong arguments passed to a function pointer*/"
"01.w_Defects/wrong_arguments_func_pointer.c:52","error*//*ERROR:Wrong arguments passed to a function pointer*/"
"01.w_Defects/wrong_arguments_func_pointer.c:578","error*//*ERROR:Wrong arguments passed to a function pointer*/"
"01.w_Defects/wrong_arguments_func_pointer.c:73","error*//*ERROR:Wrong arguments passed to a function pointer*/"
"01.w_Defects/wrong_arguments_func_pointer.c:93","error*//*ERROR:Wrong arguments passed to a function pointer*/"
"01.w_Defects/zero_division.c:117","/* ERROR:division by zero */"
"01.w_Defects/zero_division.c:128","/* ERROR:division by zero */"
"01.w_Defects/zero_division.c:140","/* ERROR:division by zero */"
"01.w_Defects/zero_division.c:153","/* ERROR:division by zero */"
"01.w_Defects/zero_division.c:165","/* ERROR:division by zero */"
"01.w_Defects/zero_division.c:177","/* ERROR:division by zero */"
"01.w_Defects/zero_division.c:194","/* ERROR:division by zero */"
"01.w_Defects/zero_division.c:205","/* ERROR:division by zero */"
"01.w_Defects/zero_division.c:224","/* ERROR:division by zero */"
"01.w_Defects/zero_division.c:22","/* ERROR:division by zero */"
"01.w_Defects/zero_division.c:251","/* ERROR:division by zero */"
"01.w_Defects/zero_division.c:33","/* ERROR:division by zero */"
"01.w_Defects/zero_division.c:46","/* ERROR:division by zero */"
"01.w_Defects/zero_division.c:58","/* ERROR:division by zero */"
"01.w_Defects/zero_division.c:77","/* ERROR:division by zero */"
"01.w_Defects/zero_division.c:92","/* ERROR:division by zero */"
"02.wo_Defects/bit_shift.c:106","/*NO ERROR:Bit shift error*/"
"02.wo_Defects/bit_shift.c:120","/*NO ERROR:Bit shift error*/"
"02.wo_Defects/bit_shift.c:133","/*NO ERROR:Bit shift error*/"
"02.wo_Defects/bit_shift.c:146","/*NO ERROR:Bit shift error*/"
"02.wo_Defects/bit_shift.c:163","/*NO ERROR:Bit shift error*/"
"02.wo_Defects/bit_shift.c:175","/*NO ERROR:Bit shift error*/"
"02.wo_Defects/bit_shift.c:193","/*NO ERROR:Bit shift error*/"
"02.wo_Defects/bit_shift.c:208","/*NO ERROR:Bit shift error*/"
"02.wo_Defects/bit_shift.c:21","/*NO ERROR:Bit shift error*/"
"02.wo_Defects/bit_shift.c:225","/*NO ERROR:Bit shift error*/"
"02.wo_Defects/bit_shift.c:236","/*NO ERROR:Bit shift error*/"
"02.wo_Defects/bit_shift.c:33","/*NO ERROR:Bit shift error*/"
"02.wo_Defects/bit_shift.c:45","/*NO ERROR:Bit shift error*/"
"02.wo_Defects/bit_shift.c:57","/*NO ERROR:Bit shift error*/"
"02.wo_Defects/bit_shift.c:69","/*NO ERROR:Bit shift error*/"
"02.wo_Defects/bit_shift.c:81","/*NO ERROR:Bit shift error*/"
"02.wo_Defects/bit_shift.c:93","/*NO ERROR:Bit shift error*/"
"02.wo_Defects/buffer_overrun_dynamic.c:110","/*No ERROR:Buffer overrun*/"
"02.wo_Defects/buffer_overrun_dynamic.c:128","/*No ERROR:Buffer overrun*/"
"02.wo_Defects/buffer_overrun_dynamic.c:150","/*No ERROR:Buffer overrun*/"
"02.wo_Defects/buffer_overrun_dynamic.c:172","/*No ERROR:Buffer overrun*/"
"02.wo_Defects/buffer_overrun_dynamic.c:196","/*No ERROR:Buffer overrun*/"
"02.wo_Defects/buffer_overrun_dynamic.c:216","/*No ERROR:Buffer overrun*/"
"02.wo_Defects/buffer_overrun_dynamic.c:231","/*No ERROR:Buffer overrun*/"
"02.wo_Defects/buffer_overrun_dynamic.c:246","/*No ERROR:Buffer overrun*/"
"02.wo_Defects/buffer_overrun_dynamic.c:25","/*No ERROR:Buffer overrun*/"
"02.wo_Defects/buffer_overrun_dynamic.c:261","/*No ERROR:Buffer overrun*/"
"02.wo_Defects/buffer_overrun_dynamic.c:276","/*No ERROR:Buffer overrun*/"
"02.wo_Defects/buffer_overrun_dynamic.c:296","/*No ERROR:Buffer overrun*/"
"02.wo_Defects/buffer_overrun_dynamic.c:310","/*No ERROR:Buffer overrun*/"
"02.wo_Defects/buffer_overrun_dynamic.c:331","/*No ERROR:Buffer overrun*/"
"02.wo_Defects/buffer_overrun_dynamic.c:348","/*No ERROR:Buffer overrun*/"
"02.wo_Defects/buffer_overrun_dynamic.c:367","/*No ERROR:Buffer overrun*/"
"02.wo_Defects/buffer_overrun_dynamic.c:385","/*No ERROR:Buffer overrun*/"
"02.wo_Defects/buffer_overrun_dynamic.c:401","/*No ERROR:Buffer overrun*/"
"02.wo_Defects/buffer_overrun_dynamic.c:40","/*No ERROR:Buffer overrun*/"
"02.wo_Defects/buffer_overrun_dynamic.c:420","/*No ERROR:Buffer overrun*/"
"02.wo_Defects/buffer_overrun_dynamic.c:433","/*No ERROR:Buffer overrun*/"
"02.wo_Defects/buffer_overrun_dynamic.c:460","/*No ERROR:Buffer overrun*/"
"02.wo_Defects/buffer_overrun_dynamic.c:478","/*No ERROR:Buffer overrun*/"
"02.wo_Defects/buffer_overrun_dynamic.c:494","/*No ERROR:Buffer overrun*/"
"02.wo_Defects/buffer_overrun_dynamic.c:512","/*No ERROR:Buffer overrun*/"
"02.wo_Defects/buffer_overrun_dynamic.c:530","/*No ERROR:Buffer overrun*/"
"02.wo_Defects/buffer_overrun_dynamic.c:557","/*No ERROR:Buffer overrun*/"
"02.wo_Defects/buffer_overrun_dynamic.c:578","/*No ERROR:Buffer overrun*/"
"02.wo_Defects/buffer_overrun_dynamic.c:606","/*No ERROR:Buffer overrun*/"
"02.wo_Defects/buffer_overrun_dynamic.c:60","/*No ERROR:Buffer overrun*/"
"02.wo_Defects/buffer_overrun_dynamic.c:75","/*No ERROR:Buffer overrun*/"
"02.wo_Defects/buffer_overrun_dynamic.c:92","/*No ERROR:Buffer overrun*/"
"02.wo_Defects/buffer_underrun_dynamic.c:111","/*No ERROR:Buffer Underrun*/"
"02.wo_Defects/buffer_underrun_dynamic.c:129","/*No ERROR:Buffer Underrun*/"
"02.wo_Defects/buffer_underrun_dynamic.c:151","/*No ERROR:Buffer Underrun*/"
"02.wo_Defects/buffer_underrun_dynamic.c:173","/*No ERROR:Buffer Underrun*/"
"02.wo_Defects/buffer_underrun_dynamic.c:197","/*No ERROR:Buffer Underrun*/"
"02.wo_Defects/buffer_underrun_dynamic.c:217","/*No ERROR:Buffer Underrun*/"
"02.wo_Defects/buffer_underrun_dynamic.c:232","/*No ERROR:Buffer Underrun*/"
"02.wo_Defects/buffer_underrun_dynamic.c:248","/*No ERROR:Buffer Underrun*/"
"02.wo_Defects/buffer_underrun_dynamic.c:263","/*No ERROR:Buffer Underrun*/"
"02.wo_Defects/buffer_underrun_dynamic.c:26","/*No ERROR:Buffer Underrun*/"
"02.wo_Defects/buffer_underrun_dynamic.c:278","/*No ERROR:Buffer Underrun*/"
"02.wo_Defects/buffer_underrun_dynamic.c:298","/*No ERROR:Buffer Underrun*/"
"02.wo_Defects/buffer_underrun_dynamic.c:312","/*No ERROR:Buffer Underrun*/"
"02.wo_Defects/buffer_underrun_dynamic.c:333","/*No ERROR:Buffer Underrun*/"
"02.wo_Defects/buffer_underrun_dynamic.c:350","/*No ERROR:Buffer Underrun*/"
"02.wo_Defects/buffer_underrun_dynamic.c:369","/*No ERROR:Buffer Underrun*/"
"02.wo_Defects/buffer_underrun_dynamic.c:387","/*No ERROR:Buffer Underrun*/"
"02.wo_Defects/buffer_underrun_dynamic.c:403","/*No ERROR:Buffer Underrun*/"
"02.wo_Defects/buffer_underrun_dynamic.c:41","/*No ERROR:Buffer Underrun*/"
"02.wo_Defects/buffer_underrun_dynamic.c:422","/*No ERROR:Buffer Underrun*/"
"02.wo_Defects/buffer_underrun_dynamic.c:434","/*No ERROR:Buffer Underrun*/"
"02.wo_Defects/buffer_underrun_dynamic.c:461","/*No ERROR:Buffer Underrun*/"
"02.wo_Defects/buffer_underrun_dynamic.c:479","/*No ERROR:Buffer Underrun*/"
"02.wo_Defects/buffer_underrun_dynamic.c:495","/*No ERROR:Buffer Underrun*/"
"02.wo_Defects/buffer_underrun_dynamic.c:514","/*No ERROR:Buffer Underrun*/"
"02.wo_Defects/buffer_underrun_dynamic.c:528","/*No ERROR:Buffer Underrun*/"
"02.wo_Defects/buffer_underrun_dynamic.c:555","/*No ERROR:Buffer Underrun*/"
"02.wo_Defects/buffer_underrun_dynamic.c:574","/*No ERROR:Buffer Underrun*/"
"02.wo_Defects/buffer_underrun_dynamic.c:602","/*No ERROR:Buffer Underrun*/"
"02.wo_Defects/buffer_underrun_dynamic.c:61","/*No ERROR:Buffer Underrun*/"
"02.wo_Defects/buffer_underrun_dynamic.c:624","/*No ERROR:Buffer Underrun*/"
"02.wo_Defects/buffer_underrun_dynamic.c:648","/*No ERROR:Buffer Underrun*/"
"02.wo_Defects/buffer_underrun_dynamic.c:679","/*No ERROR:Buffer Underrun*/"
"02.wo_Defects/buffer_underrun_dynamic.c:699","/*No ERROR:Buffer Underrun*/"
"02.wo_Defects/buffer_underrun_dynamic.c:719","/*No ERROR:Buffer Underrun*/"
"02.wo_Defects/buffer_underrun_dynamic.c:749","/*No ERROR:Buffer Underrun*/"
"02.wo_Defects/buffer_underrun_dynamic.c:76","/*No ERROR:Buffer Underrun*/"
"02.wo_Defects/buffer_underrun_dynamic.c:776","/*No ERROR:Buffer Underrun*/"
"02.wo_Defects/buffer_underrun_dynamic.c:93","/*No ERROR:Buffer Underrun*/"
"02.wo_Defects/cmp_funcadr.c:25","/*No ERROR:compare function address with NULL*/"
"02.wo_Defects/cmp_funcadr.c:46","/*No ERROR:compare function address with NULL*/"
"02.wo_Defects/conflicting_cond.c:104","/*No ERROR:contradict condition*/"
"02.wo_Defects/conflicting_cond.c:119","/*No ERROR:contradict condition*/"
"02.wo_Defects/conflicting_cond.c:138","/*No ERROR:contradict condition*/"
"02.wo_Defects/conflicting_cond.c:158","/*No ERROR:contradict condition*/"
"02.wo_Defects/conflicting_cond.c:178","/*No ERROR:contradict condition*/"
"02.wo_Defects/conflicting_cond.c:200","/*No ERROR:contradict condition*/"
"02.wo_Defects/conflicting_cond.c:24","/*No ERROR:contradict condition*/"
"02.wo_Defects/conflicting_cond.c:43","/*No ERROR:contradict condition*/"
"02.wo_Defects/conflicting_cond.c:62","/*No ERROR:contradict condition*/"
"02.wo_Defects/conflicting_cond.c:84","/*No ERROR:contradict condition*/"
"02.wo_Defects/data_lost.c:108","/*No ERROR:Integer precision lost because of cast*/"
"02.wo_Defects/data_lost.c:120","/*No ERROR:Integer precision lost because of cast*/"
"02.wo_Defects/data_lost.c:137","/*No ERROR:Integer precision lost because of cast*/"
"02.wo_Defects/data_lost.c:147","/*No ERROR:Integer precision lost because of cast*/"
"02.wo_Defects/data_lost.c:160","/*No ERROR:Integer precision lost because of cast*/"
"02.wo_Defects/data_lost.c:172","/*No ERROR:Integer precision lost because of cast*/"
"02.wo_Defects/data_lost.c:184","/*No ERROR:Integer precision lost because of cast*/"
"02.wo_Defects/data_lost.c:200","/*No ERROR:Integer precision lost because of cast*/"
"02.wo_Defects/data_lost.c:211","/*No ERROR:Integer precision lost because of cast*/"
"02.wo_Defects/data_lost.c:228","/*No ERROR:Integer precision lost because of cast*/"
"02.wo_Defects/data_lost.c:23","/*No ERROR:Integer precision lost because of cast*/"
"02.wo_Defects/data_lost.c:242","/*No ERROR:Integer precision lost because of cast*/"
"02.wo_Defects/data_lost.c:258","/*No ERROR:Integer precision lost because of cast*/"
"02.wo_Defects/data_lost.c:35","/*No ERROR:Integer precision lost because of cast*/"
"02.wo_Defects/data_lost.c:47","/*No ERROR:Integer precision lost because of cast*/"
"02.wo_Defects/data_lost.c:59","/*No ERROR:Integer precision lost because of cast*/"
"02.wo_Defects/data_lost.c:71","/*No ERROR:Integer precision lost because of cast*/"
"02.wo_Defects/data_lost.c:84","/*No ERROR:Integer precision lost because of cast*/"
"02.wo_Defects/data_lost.c:96","/*No ERROR:Integer precision lost because of cast*/"
"02.wo_Defects/data_overflow.c:109","/*No ERROR:Data Overflow*/"
"02.wo_Defects/data_overflow.c:126","/*No ERROR:Data Overflow*/"
"02.wo_Defects/data_overflow.c:142","/*No ERROR:Data Overflow*/"
"02.wo_Defects/data_overflow.c:154","/*No ERROR:Data Overflow*/"
"02.wo_Defects/data_overflow.c:166","/*No ERROR:Data Overflow*/"
"02.wo_Defects/data_overflow.c:178","/*No ERROR:Data Overflow*/"
"02.wo_Defects/data_overflow.c:191","/*No ERROR:Data Overflow*/"
"02.wo_Defects/data_overflow.c:205","/*No ERROR:Data Overflow*/"
"02.wo_Defects/data_overflow.c:217","/*No ERROR:Data Overflow*/"
"02.wo_Defects/data_overflow.c:229","/*No ERROR:Data Overflow*/"
"02.wo_Defects/data_overflow.c:246","/*No ERROR:Data Overflow*/"
"02.wo_Defects/data_overflow.c:24","/*No ERROR:Data Overflow*/"
"02.wo_Defects/data_overflow.c:258","/*No ERROR:Data Overflow*/"
"02.wo_Defects/data_overflow.c:276","/*No ERROR:Data Overflow*/"
"02.wo_Defects/data_overflow.c:291","/*No ERROR:Data Overflow*/"
"02.wo_Defects/data_overflow.c:308","/*No ERROR:Data Overflow*/"
"02.wo_Defects/data_overflow.c:319","/*No ERROR:Data Overflow*/"
"02.wo_Defects/data_overflow.c:335","/*No ERROR:Data Overflow*/"
"02.wo_Defects/data_overflow.c:351","/*No ERROR:Data Overflow*/"
"02.wo_Defects/data_overflow.c:36","/*No ERROR:Data Overflow*/"
"02.wo_Defects/data_overflow.c:49","/*No ERROR:Data Overflow*/"
"02.wo_Defects/data_overflow.c:61","/*No ERROR:Data Overflow*/"
"02.wo_Defects/data_overflow.c:73","/*No ERROR:Data Overflow*/"
"02.wo_Defects/data_overflow.c:85","/*No ERROR:Data Overflow*/"
"02.wo_Defects/data_overflow.c:97","/*No ERROR:Data Overflow*/"
"02.wo_Defects/data_underflow.c:110","/*No ERROR:Data Underflow*/"
"02.wo_Defects/data_underflow.c:122","/*No ERROR:Data Underflow*/"
"02.wo_Defects/data_underflow.c:139","/*No ERROR:Data Underflow*/"
"02.wo_Defects/data_underflow.c:151","/*No ERROR:Data Underflow*/"
"02.wo_Defects/data_underflow.c:169","/*No ERROR:Data Underflow*/"
"02.wo_Defects/data_underflow.c:19","/*No ERROR:Data Underflow*/"
"02.wo_Defects/data_underflow.c:31","/*No ERROR:Data Underflow*/"
"02.wo_Defects/data_underflow.c:45","/*No ERROR:Data Underflow*/"
"02.wo_Defects/data_underflow.c:57","/*No ERROR:Data Underflow*/"
"02.wo_Defects/data_underflow.c:69","/*No ERROR:Data Underflow*/"
"02.wo_Defects/data_underflow.c:80","/*No ERROR:Data Underflow*/"
"02.wo_Defects/data_underflow.c:95","/*No ERROR:Data Underflow*/"
"02.wo_Defects/dead_code.c:114","/*No ERROR:Dead Code*/"
"02.wo_Defects/dead_code.c:131","/*No ERROR:Dead Code*/"
"02.wo_Defects/dead_code.c:148","/*No ERROR:Dead Code*/"
"02.wo_Defects/dead_code.c:166","/*No ERROR:Dead Code*/"
"02.wo_Defects/dead_code.c:188","/*No ERROR:Dead Code*/"
"02.wo_Defects/dead_code.c:205","/*No ERROR:Dead Code*/"
"02.wo_Defects/dead_code.c:21","/*No ERROR:Dead Code*/"
"02.wo_Defects/dead_code.c:226","/*No ERROR:Dead Code*/"
"02.wo_Defects/dead_code.c:246","/*No ERROR:Dead Code*/"
"02.wo_Defects/dead_code.c:38","/*No ERROR:Dead Code*/"
"02.wo_Defects/dead_code.c:59","/*No ERROR:Dead Code*/"
"02.wo_Defects/dead_code.c:75","/*No ERROR:Dead Code*/"
"02.wo_Defects/dead_code.c:97","/*No ERROR:Dead Code*/"
"02.wo_Defects/dead_lock.c:193","/*No ERROR:Dead Lock*/"
"02.wo_Defects/dead_lock.c:342","/*No ERROR:Dead Lock*/"
"02.wo_Defects/dead_lock.c:499","/*No ERROR:Dead Lock*/"
"02.wo_Defects/dead_lock.c:61","/*No ERROR:Dead Lock*/"
"02.wo_Defects/dead_lock.c:622","/*No ERROR:Dead Lock*/"
"02.wo_Defects/deletion_of_data_structure_sentinel.c:25","/*No ERROR:Deletion of a data structure sentinel*/"
"02.wo_Defects/deletion_of_data_structure_sentinel.c:41","/*No ERROR:Deletion of a data structure sentinel*/"
"02.wo_Defects/deletion_of_data_structure_sentinel.c:62","/*No ERROR:Deletion of a data structure sentinel*/"
"02.wo_Defects/double_free.c:103","/*No ERROR:Double free*/"
"02.wo_Defects/double_free.c:119","/*No ERROR:Double free*/"
"02.wo_Defects/double_free.c:129","/*No ERROR:Double free*/"
"02.wo_Defects/double_free.c:155","/*No ERROR:Double free*/"
"02.wo_Defects/double_free.c:171","/*No ERROR:Double free*/"
"02.wo_Defects/double_free.c:190","/*No ERROR:Double free*/"
"02.wo_Defects/double_free.c:208","/*No ERROR:Double free*/"
"02.wo_Defects/double_free.c:21","/*No ERROR:Double free*/"
"02.wo_Defects/double_free.c:40","/*No ERROR:Double free*/"
"02.wo_Defects/double_free.c:59","/*No ERROR:Double free*/"
"02.wo_Defects/double_free.c:76","/*No ERROR:Double free*/"
"02.wo_Defects/double_free.c:89","/*No ERROR:Double free*/"
"02.wo_Defects/double_lock.c:142","/*No ERROR:Double Lock*/"
"02.wo_Defects/double_lock.c:212","/*No ERROR:Double Lock*/"
"02.wo_Defects/double_lock.c:44","/*No ERROR:Double Lock*/"
"02.wo_Defects/double_lock.c:95","/*No ERROR:Double Lock*/"
"02.wo_Defects/double_release.c:135","/*No ERROR:Double UnLock*/"
"02.wo_Defects/double_release.c:181","/*No ERROR:Double UnLock*/"
"02.wo_Defects/double_release.c:230","/*No ERROR:Double UnLock*/"
"02.wo_Defects/double_release.c:273","/*No ERROR:Double UnLock*/"
"02.wo_Defects/double_release.c:34","/*No ERROR:Double UnLock*/"
"02.wo_Defects/endless_loop.c:107","/*No ERROR:Unintentional end less loop*/"
"02.wo_Defects/endless_loop.c:128","/*No ERROR:Unintentional end less loop*/"
"02.wo_Defects/endless_loop.c:152","/*No ERROR:Unintentional end less loop*/"
"02.wo_Defects/endless_loop.c:173","/*No ERROR:Unintentional end less loop*/"
"02.wo_Defects/endless_loop.c:201","/*No ERROR:Unintentional end less loop*/"
"02.wo_Defects/endless_loop.c:24","/*No ERROR:Unintentional end less loop*/"
"02.wo_Defects/endless_loop.c:46","/*No ERROR:Unintentional end less loop*/"
"02.wo_Defects/endless_loop.c:62","/*No ERROR:Unintentional end less loop*/"
"02.wo_Defects/endless_loop.c:83","/*No ERROR:Unintentional end less loop*/"
"02.wo_Defects/free_nondynamically_allocated_memory.c:102","/*No ERROR:Free memory not allocated dynamically*/"
"02.wo_Defects/free_nondynamically_allocated_memory.c:114","/*No ERROR:Free memory not allocated dynamically*/"
"02.wo_Defects/free_nondynamically_allocated_memory.c:127","/*No ERROR:Free memory not allocated dynamically*/"
"02.wo_Defects/free_nondynamically_allocated_memory.c:140","/*No ERROR:Free memory not allocated dynamically*/"
"02.wo_Defects/free_nondynamically_allocated_memory.c:155","/*No ERROR:Free memory not allocated dynamically*/"
"02.wo_Defects/free_nondynamically_allocated_memory.c:170","/*No ERROR:Free memory not allocated dynamically*/"
"02.wo_Defects/free_nondynamically_allocated_memory.c:187","/*No ERROR:Free memory not allocated dynamically*/"
"02.wo_Defects/free_nondynamically_allocated_memory.c:209","/*No ERROR:Free memory not allocated dynamically*/"
"02.wo_Defects/free_nondynamically_allocated_memory.c:228","/*No ERROR:Free memory not allocated dynamically*/"
"02.wo_Defects/free_nondynamically_allocated_memory.c:22","/*No ERROR:Free memory not allocated dynamically*/"
"02.wo_Defects/free_nondynamically_allocated_memory.c:238","/*No ERROR:Free memory not allocated dynamically*/"
"02.wo_Defects/free_nondynamically_allocated_memory.c:261","/*No ERROR:Free memory not allocated dynamically*/"
"02.wo_Defects/free_nondynamically_allocated_memory.c:35","/*No ERROR:Free memory not allocated dynamically*/"
"02.wo_Defects/free_nondynamically_allocated_memory.c:47","/*No ERROR:Free memory not allocated dynamically*/"
"02.wo_Defects/free_nondynamically_allocated_memory.c:61","/*No ERROR:Free memory not allocated dynamically*/"
"02.wo_Defects/free_nondynamically_allocated_memory.c:84","/*No ERROR:Free memory not allocated dynamically*/"
"02.wo_Defects/free_null_pointer.c:119","/*No ERROR:Freeing a NULL pointer*/"
"02.wo_Defects/free_null_pointer.c:160","/*No ERROR:Freeing a NULL pointer*/"
"02.wo_Defects/free_null_pointer.c:215","/*No ERROR:Freeing a NULL pointer*/"
"02.wo_Defects/free_null_pointer.c:249","/*No ERROR:Freeing a NULL pointer*/"
"02.wo_Defects/free_null_pointer.c:26","/*No ERROR:Freeing a NULL pointer*/"
"02.wo_Defects/free_null_pointer.c:292","/*No ERROR:Freeing a NULL pointer*/"
"02.wo_Defects/free_null_pointer.c:338","/*No ERROR:Freeing a NULL pointer*/"
"02.wo_Defects/free_null_pointer.c:397","/*No ERROR:Freeing a NULL pointer*/"
"02.wo_Defects/free_null_pointer.c:44","/*No ERROR:Freeing a NULL pointer*/"
"02.wo_Defects/free_null_pointer.c:464","/*No ERROR:Freeing a NULL pointer*/"
"02.wo_Defects/free_null_pointer.c:495","/*No ERROR:Freeing a NULL pointer*/"
"02.wo_Defects/free_null_pointer.c:552","/*No ERROR:Freeing a NULL pointer*/"
"02.wo_Defects/free_null_pointer.c:66","/*No ERROR:Freeing a NULL pointer*/"
"02.wo_Defects/free_null_pointer.c:92","/*No ERROR:Freeing a NULL pointer*/"
"02.wo_Defects/func_pointer.c:132","/*No ERROR:Bad function pointer casting*/"
"02.wo_Defects/func_pointer.c:181","/*No ERROR:Bad function pointer casting*/"
"02.wo_Defects/func_pointer.c:265","/*No ERROR:Bad function pointer casting*/"
"02.wo_Defects/func_pointer.c:296","/*No ERROR:Bad function pointer casting*/"
"02.wo_Defects/func_pointer.c:319","/*No ERROR:Bad function pointer casting*/"
"02.wo_Defects/func_pointer.c:363","/*No ERROR:Bad function pointer casting*/"
"02.wo_Defects/func_pointer.c:388","/*No ERROR:Bad function pointer casting*/"
"02.wo_Defects/func_pointer.c:441","/*No ERROR:Bad function pointer casting*/"
"02.wo_Defects/func_pointer.c:46","/*No ERROR:Bad function pointer casting*/"
"02.wo_Defects/func_pointer.c:480","/*No ERROR:Bad function pointer casting*/"
"02.wo_Defects/func_pointer.c:512","/*No ERROR:Bad function pointer casting*/"
"02.wo_Defects/func_pointer.c:564","/*No ERROR:Bad function pointer casting*/"
"02.wo_Defects/func_pointer.c:618","/*No ERROR:Bad function pointer casting*/"
"02.wo_Defects/func_pointer.c:65","/*No ERROR:Bad function pointer casting*/"
"02.wo_Defects/func_pointer.c:86","/*No ERROR:Bad function pointer casting*/"
"02.wo_Defects/function_return_value_unchecked.c:117","/*No ERROR:Return value of function never checked*/"
"02.wo_Defects/function_return_value_unchecked.c:172","/*No ERROR:Return value of function never checked*/"
"02.wo_Defects/function_return_value_unchecked.c:211","/*No ERROR:Return value of function never checked*/"
"02.wo_Defects/function_return_value_unchecked.c:238","/*No ERROR:Return value of function never checked*/"
"02.wo_Defects/function_return_value_unchecked.c:256","/*No ERROR:Return value of function never checked*/"
"02.wo_Defects/function_return_value_unchecked.c:294","/*No ERROR:Return value of function never checked*/"
"02.wo_Defects/function_return_value_unchecked.c:310","/*No ERROR:Return value of function never checked*/"
"02.wo_Defects/function_return_value_unchecked.c:334","/*No ERROR:Return value of function never checked*/"
"02.wo_Defects/function_return_value_unchecked.c:349","/*No ERROR:Return value of function never checked*/"
"02.wo_Defects/function_return_value_unchecked.c:370","/*No ERROR:Return value of function never checked*/"
"02.wo_Defects/function_return_value_unchecked.c:386","/*No ERROR:Return value of function never checked*/"
"02.wo_Defects/function_return_value_unchecked.c:403","/*No ERROR:Return value of function never checked*/"
"02.wo_Defects/function_return_value_unchecked.c:443","/*No ERROR:Return value of function never checked*/"
"02.wo_Defects/function_return_value_unchecked.c:48","/*No ERROR:Return value of function never checked*/"
"02.wo_Defects/function_return_value_unchecked.c:70","/*No ERROR:Return value of function never checked*/"
"02.wo_Defects/function_return_value_unchecked.c:87","/*No ERROR:Return value of function never checked*/"
"02.wo_Defects/improper_termination_of_block.c:22","/*No ERROR:Improper termination of block*/"
"02.wo_Defects/improper_termination_of_block.c:39","/*No ERROR:Improper termination of block*/"
"02.wo_Defects/improper_termination_of_block.c:56","/*No ERROR:Improper termination of block*/"
"02.wo_Defects/improper_termination_of_block.c:72","/*No ERROR:Improper termination of block*/"
"02.wo_Defects/insign_code.c:24","/*No ERROR:Useless Assignment */"
"02.wo_Defects/invalid_extern.c:19","/*No ERROR:Bad extern type for global variable*/"
"02.wo_Defects/invalid_extern.c:20","/*No ERROR:Bad extern type for global variable*/"
"02.wo_Defects/invalid_extern.c:21","/*No ERROR:Bad extern type for global variable*/"
"02.wo_Defects/invalid_extern.c:22","/*No ERROR:Bad extern type for global variable*/"
"02.wo_Defects/invalid_extern.c:23","/*No ERROR:Bad extern type for global variable*/"
"02.wo_Defects/invalid_memory_access.c:107","/*No ERROR:Invalid memory access to already freed area*/"
"02.wo_Defects/invalid_memory_access.c:130","/*No ERROR:Invalid memory access to already freed area*/"
"02.wo_Defects/invalid_memory_access.c:155","/*No ERROR:Invalid memory access to already freed area*/"
"02.wo_Defects/invalid_memory_access.c:185","/*No ERROR:Invalid memory access to already freed area*/"
"02.wo_Defects/invalid_memory_access.c:212","/*No ERROR:Invalid memory access to already freed area*/"
"02.wo_Defects/invalid_memory_access.c:231","/*No ERROR:Invalid memory access to already freed area*/"
"02.wo_Defects/invalid_memory_access.c:274","/*No ERROR:Invalid memory access to already freed area*/"
"02.wo_Defects/invalid_memory_access.c:299","/*No ERROR:Invalid memory access to already freed area*/"
"02.wo_Defects/invalid_memory_access.c:319","/*No ERROR:Invalid memory access to already freed area*/"
"02.wo_Defects/invalid_memory_access.c:354","/*No ERROR:Invalid memory access to already freed area*/"
"02.wo_Defects/invalid_memory_access.c:40","/*No ERROR:Invalid memory access to already freed area*/"
"02.wo_Defects/invalid_memory_access.c:415","/*No ERROR:Invalid memory access to already freed area*/"
"02.wo_Defects/invalid_memory_access.c:482","/*No ERROR:Invalid memory access to already freed area*/"
"02.wo_Defects/invalid_memory_access.c:515","/*No ERROR:Invalid memory access to already freed area*/"
"02.wo_Defects/invalid_memory_access.c:575","/* No ERROR:Invalid memory access to already freed area*/"
"02.wo_Defects/invalid_memory_access.c:633","/*No ERROR:Invalid memory access to already freed area*/"
"02.wo_Defects/invalid_memory_access.c:72","/*No ERROR:Invalid memory access to already freed area*/"
"02.wo_Defects/littlemem_st.c:117","/*No ERROR:Little Memory or Overflow*/"
"02.wo_Defects/littlemem_st.c:144","/*No ERROR:Little Memory or Overflow*/"
"02.wo_Defects/littlemem_st.c:185","/*No ERROR:Little Memory or Overflow*/"
"02.wo_Defects/littlemem_st.c:228","/*No ERROR:Little Memory or Overflow*/"
"02.wo_Defects/littlemem_st.c:272","/*No ERROR:Little Memory or Overflow*/"
"02.wo_Defects/littlemem_st.c:307","/*No ERROR:Little Memory or Overflow*/"
"02.wo_Defects/littlemem_st.c:343","/*No ERROR:Little Memory or Overflow*/"
"02.wo_Defects/littlemem_st.c:36","/*No ERROR:Little Memory or Overflow*/"
"02.wo_Defects/littlemem_st.c:55","/*No ERROR:Little Memory or Overflow*/"
"02.wo_Defects/littlemem_st.c:73","/*No ERROR:Little Memory or Overflow*/"
"02.wo_Defects/littlemem_st.c:92","/*No ERROR:Little Memory or Overflow*/"
"02.wo_Defects/lock_never_unlock.c:155","/* No ERROR:Lock Never Unlock */"
"02.wo_Defects/lock_never_unlock.c:217","/* No ERROR:Lock Never Unlock */"
"02.wo_Defects/lock_never_unlock.c:267","/* No ERROR:Lock Never Unlock */"
"02.wo_Defects/lock_never_unlock.c:314","/* No ERROR:Lock Never Unlock */"
"02.wo_Defects/lock_never_unlock.c:403","/* No ERROR:Lock Never Unlock */"
"02.wo_Defects/lock_never_unlock.c:41","/* No ERROR:Lock Never Unlock */"
"02.wo_Defects/lock_never_unlock.c:454","/* No ERROR:Lock Never Unlock */"
"02.wo_Defects/lock_never_unlock.c:556","/* No ERROR:Lock Never Unlock */"
"02.wo_Defects/lock_never_unlock.c:91","/* No ERROR:Lock Never Unlock */"
"02.wo_Defects/memory_allocation_failure.c:106","/*No ERROR:Memory allocation failure */"
"02.wo_Defects/memory_allocation_failure.c:125","/*No ERROR:Memory allocation failure */"
"02.wo_Defects/memory_allocation_failure.c:184","/*No ERROR:Memory allocation failure */"
"02.wo_Defects/memory_allocation_failure.c:224","/*No ERROR:Memory allocation failure */"
"02.wo_Defects/memory_allocation_failure.c:266","/*No ERROR:Memory allocation failure */"
"02.wo_Defects/memory_allocation_failure.c:291","/*No ERROR:Memory allocation failure */"
"02.wo_Defects/memory_allocation_failure.c:393","/*No ERROR:Memory allocation failure */"
"02.wo_Defects/memory_allocation_failure.c:42","/*No ERROR:Memory allocation failure */"
"02.wo_Defects/memory_allocation_failure.c:431","/*No ERROR:Memory allocation failure */"
"02.wo_Defects/memory_allocation_failure.c:500","/*No ERROR:Memory allocation failure */"
"02.wo_Defects/memory_allocation_failure.c:548","/*No ERROR:Memory allocation failure */"
"02.wo_Defects/memory_allocation_failure.c:57","/*No ERROR:Memory allocation failure */"
"02.wo_Defects/memory_allocation_failure.c:658","/*ERROR:Memory allocation failure */"
"02.wo_Defects/memory_allocation_failure.c:714","/*No ERROR:Memory allocation failure */"
"02.wo_Defects/memory_allocation_failure.c:77","/*No ERROR:Memory allocation failure */"
"02.wo_Defects/memory_leak.c:116","/*No ERROR:Memory Leakage */"
"02.wo_Defects/memory_leak.c:146","/*No ERROR:Memory Leakage */"
"02.wo_Defects/memory_leak.c:166","/*No ERROR:Memory Leakage */"
"02.wo_Defects/memory_leak.c:213","/*No ERROR:Memory Leakage */"
"02.wo_Defects/memory_leak.c:230","/*No ERROR:Memory Leakage */"
"02.wo_Defects/memory_leak.c:247","/*No ERROR:Memory Leakage */"
"02.wo_Defects/memory_leak.c:25","/*No ERROR:Memory Leakage */"
"02.wo_Defects/memory_leak.c:273","/*No ERROR:Memory Leakage */"
"02.wo_Defects/memory_leak.c:312","/*No ERROR:Memory Leakage */"
"02.wo_Defects/memory_leak.c:349","/*No ERROR:Memory Leakage */"
"02.wo_Defects/memory_leak.c:378","/*No ERROR:Memory Leakage */"
"02.wo_Defects/memory_leak.c:404","/*No ERROR:Memory Leakage */"
"02.wo_Defects/memory_leak.c:423","/*No ERROR:Memory Leakage */"
"02.wo_Defects/memory_leak.c:452","/*No ERROR:Memory Leakage */"
"02.wo_Defects/memory_leak.c:47","/*No ERROR:Memory Leakage */"
"02.wo_Defects/memory_leak.c:512","/*No ERROR:Memory Leakage */"
"02.wo_Defects/memory_leak.c:74","/*No ERROR:Memory Leakage */"
"02.wo_Defects/memory_leak.c:97","/*No ERROR:Memory Leakage */"
"02.wo_Defects/not_return.c:105","/*No ERROR: No return value */"
"02.wo_Defects/not_return.c:26","/*No ERROR: No return value */"
"02.wo_Defects/not_return.c:49","/*No ERROR: No return value */"
"02.wo_Defects/not_return.c:81","/*No ERROR: No return value */"
"02.wo_Defects/null_pointer.c:111","/*NO ERROR:NULL pointer dereference*/"
"02.wo_Defects/null_pointer.c:123","/*NO ERROR:NULL pointer dereference*/"
"02.wo_Defects/null_pointer.c:141","/*NO ERROR:NULL pointer dereference*/"
"02.wo_Defects/null_pointer.c:150","/*NO ERROR:NULL pointer dereference*/"
"02.wo_Defects/null_pointer.c:169","/*NO ERROR:NULL pointer dereference*/"
"02.wo_Defects/null_pointer.c:184","/*NO ERROR:NULL pointer dereference*/"
"02.wo_Defects/null_pointer.c:215","/*NO ERROR:NULL pointer dereference*/"
"02.wo_Defects/null_pointer.c:233","/*NO ERROR:NULL pointer dereference*/"
"02.wo_Defects/null_pointer.c:24","/*NO ERROR:NULL pointer dereference*/"
"02.wo_Defects/null_pointer.c:258","/*NO ERROR:NULL pointer dereference*/"
"02.wo_Defects/null_pointer.c:308","/*NO ERROR:NULL pointer dereference*/"
"02.wo_Defects/null_pointer.c:353","/*NO ERROR:NULL pointer dereference*/"
"02.wo_Defects/null_pointer.c:36","/*NO ERROR:NULL pointer dereference*/"
"02.wo_Defects/null_pointer.c:50","/*NO ERROR:NULL pointer dereference*/"
"02.wo_Defects/null_pointer.c:67","/*NO ERROR:NULL pointer dereference*/"
"02.wo_Defects/null_pointer.c:99","/*NO ERROR:NULL pointer dereference*/"
"02.wo_Defects/overrun_st.c:110","/*No ERROR: buffer overrun */"
"02.wo_Defects/overrun_st.c:126","/*No ERROR: buffer overrun */"
"02.wo_Defects/overrun_st.c:142","/*No ERROR: buffer overrun */"
"02.wo_Defects/overrun_st.c:159","/*No ERROR: buffer overrun */"
"02.wo_Defects/overrun_st.c:170","/*No ERROR: buffer overrun */"
"02.wo_Defects/overrun_st.c:183","/*No ERROR: buffer overrun */"
"02.wo_Defects/overrun_st.c:195","/*No ERROR: buffer overrun */"
"02.wo_Defects/overrun_st.c:207","/*No ERROR: buffer overrun */"
"02.wo_Defects/overrun_st.c:21","/*No ERROR: buffer overrun */"
"02.wo_Defects/overrun_st.c:223","/*No ERROR: buffer overrun */"
"02.wo_Defects/overrun_st.c:234","/*No ERROR: buffer overrun */"
"02.wo_Defects/overrun_st.c:251","/*No ERROR: buffer overrun */"
"02.wo_Defects/overrun_st.c:265","/*No ERROR: buffer overrun */"
"02.wo_Defects/overrun_st.c:281","/*No ERROR: buffer overrun */"
"02.wo_Defects/overrun_st.c:294","/*No ERROR: buffer overrun */"
"02.wo_Defects/overrun_st.c:307","/*No ERROR: buffer overrun */"
"02.wo_Defects/overrun_st.c:321","/*No ERROR: buffer overrun */"
"02.wo_Defects/overrun_st.c:32","/*No ERROR: buffer overrun */"
"02.wo_Defects/overrun_st.c:334","/*No ERROR: buffer overrun */"
"02.wo_Defects/overrun_st.c:347","/*No ERROR: buffer overrun */"
"02.wo_Defects/overrun_st.c:360","/*No ERROR: buffer overrun */"
"02.wo_Defects/overrun_st.c:373","/*No ERROR: buffer overrun */"
"02.wo_Defects/overrun_st.c:388","/*No ERROR: buffer overrun */"
"02.wo_Defects/overrun_st.c:403","/*No ERROR: buffer overrun */"
"02.wo_Defects/overrun_st.c:416","/*No ERROR: buffer overrun */"
"02.wo_Defects/overrun_st.c:429","/*No ERROR: buffer overrun */"
"02.wo_Defects/overrun_st.c:443","/*No ERROR: buffer overrun */"
"02.wo_Defects/overrun_st.c:44","/*No ERROR: buffer overrun */"
"02.wo_Defects/overrun_st.c:456","/*No ERROR: buffer overrun */"
"02.wo_Defects/overrun_st.c:469","/*No ERROR: buffer overrun */"
"02.wo_Defects/overrun_st.c:486","/*No ERROR: buffer overrun */"
"02.wo_Defects/overrun_st.c:498","/*No ERROR: buffer overrun */"
"02.wo_Defects/overrun_st.c:517","/*No ERROR: buffer overrun */"
"02.wo_Defects/overrun_st.c:532","/*No ERROR: buffer overrun */"
"02.wo_Defects/overrun_st.c:549","/*No ERROR: buffer overrun */"
"02.wo_Defects/overrun_st.c:55","/*No ERROR: buffer overrun */"
"02.wo_Defects/overrun_st.c:562","/*No ERROR: buffer overrun */"
"02.wo_Defects/overrun_st.c:580","/*No ERROR: buffer overrun */"
"02.wo_Defects/overrun_st.c:605","/*No ERROR: buffer overrun */"
"02.wo_Defects/overrun_st.c:623","/*No ERROR: buffer overrun */"
"02.wo_Defects/overrun_st.c:633","/*No ERROR: buffer overrun */"
"02.wo_Defects/overrun_st.c:648","/*No ERROR: buffer overrun */"
"02.wo_Defects/overrun_st.c:663","/*No ERROR: buffer overrun */"
"02.wo_Defects/overrun_st.c:66","/*No ERROR: buffer overrun */"
"02.wo_Defects/overrun_st.c:678","/*No ERROR: buffer overrun */"
"02.wo_Defects/overrun_st.c:694","/*No ERROR: buffer overrun */"
"02.wo_Defects/overrun_st.c:712","/*No ERROR: buffer overrun */"
"02.wo_Defects/overrun_st.c:728","/*No ERROR: buffer overrun */"
"02.wo_Defects/overrun_st.c:738","/*No ERROR: buffer overrun */"
"02.wo_Defects/overrun_st.c:751","/*No ERROR: buffer overrun */"
"02.wo_Defects/overrun_st.c:764","/*No ERROR: buffer overrun */"
"02.wo_Defects/overrun_st.c:77","/*No ERROR: buffer overrun */"
"02.wo_Defects/overrun_st.c:88","/*No ERROR: buffer overrun */"
"02.wo_Defects/overrun_st.c:99","/*No ERROR: buffer overrun */"
"02.wo_Defects/ow_memcpy.c:24","/*No ERROR:copy of the overlapped area*/"
"02.wo_Defects/ow_memcpy.c:41","/*No ERROR:copy of the overlapped area*/"
"02.wo_Defects/pow_related_errors.c:106","/*No ERROR:Data Overflow*/"
"02.wo_Defects/pow_related_errors.c:127","/*No ERROR:Data Overflow*/"
"02.wo_Defects/pow_related_errors.c:152","/*No ERROR:Data Overflow*/"
"02.wo_Defects/pow_related_errors.c:169","/*No ERROR:Data Overflow*/"
"02.wo_Defects/pow_related_errors.c:184","/*No ERROR:Data Overflow*/"
"02.wo_Defects/pow_related_errors.c:198","/*No ERROR:Data Overflow*/"
"02.wo_Defects/pow_related_errors.c:212","/*No ERROR:Data Overflow*/"
"02.wo_Defects/pow_related_errors.c:227","/*No ERROR:Data Overflow*/"
"02.wo_Defects/pow_related_errors.c:242","/*No ERROR:Data Overflow*/"
"02.wo_Defects/pow_related_errors.c:257","/*No ERROR:Data Overflow*/"
"02.wo_Defects/pow_related_errors.c:272","/*No ERROR:Data Overflow*/"
"02.wo_Defects/pow_related_errors.c:287","/*No ERROR:Data Overflow*/"
"02.wo_Defects/pow_related_errors.c:29","/*No ERROR:Data Overflow*/"
"02.wo_Defects/pow_related_errors.c:302","/*No ERROR:Data Overflow*/"
"02.wo_Defects/pow_related_errors.c:317","/*No ERROR:Data Overflow*/"
"02.wo_Defects/pow_related_errors.c:332","/*No ERROR:Data Overflow*/"
"02.wo_Defects/pow_related_errors.c:347","/*No ERROR:Data Overflow*/"
"02.wo_Defects/pow_related_errors.c:362","/*No ERROR:Data Overflow*/"
"02.wo_Defects/pow_related_errors.c:377","/*No ERROR:Data Overflow*/"
"02.wo_Defects/pow_related_errors.c:392","/*No ERROR:Data Overflow*/"
"02.wo_Defects/pow_related_errors.c:407","/*No ERROR:Data Overflow*/"
"02.wo_Defects/pow_related_errors.c:422","/*No ERROR:Data Overflow*/"
"02.wo_Defects/pow_related_errors.c:437","/*No ERROR:Data Overflow*/"
"02.wo_Defects/pow_related_errors.c:43","/*No ERROR:Data Overflow*/"
"02.wo_Defects/pow_related_errors.c:452","/*No ERROR:Data Overflow*/"
"02.wo_Defects/pow_related_errors.c:467","/*No ERROR:Data Overflow*/"
"02.wo_Defects/pow_related_errors.c:482","/*No ERROR:Data Overflow*/"
"02.wo_Defects/pow_related_errors.c:63","/*No ERROR:Data Overflow*/"
"02.wo_Defects/pow_related_errors.c:85","/*No ERROR:Data Overflow*/"
"02.wo_Defects/ptr_subtraction.c:22","/*No ERROR:Incorrect pointer arithmetic*/"
"02.wo_Defects/ptr_subtraction.c:35","/*No ERROR:Incorrect pointer arithmetic*/"
"02.wo_Defects/race_condition.c:155","/*No ERROR:Race condition*/"
"02.wo_Defects/race_condition.c:211","/*No ERROR:Race condition*/"
"02.wo_Defects/race_condition.c:268","/*No ERROR:Race condition*/"
"02.wo_Defects/race_condition.c:322","/*No ERROR:Race condition*/"
"02.wo_Defects/race_condition.c:34","/*No ERROR:Race condition*/"
"02.wo_Defects/race_condition.c:382","/*No ERROR:Race condition*/"
"02.wo_Defects/race_condition.c:95","/*No ERROR:Race condition*/"
"02.wo_Defects/redundant_cond.c:102","/*No ERROR:Redundant condition*/"
"02.wo_Defects/redundant_cond.c:121","/*No ERROR:Redundant condition*/"
"02.wo_Defects/redundant_cond.c:141","/*No ERROR:Redundant condition*/"
"02.wo_Defects/redundant_cond.c:156","/*No ERROR:Redundant condition*/"
"02.wo_Defects/redundant_cond.c:175","/*No ERROR:Redundant condition*/"
"02.wo_Defects/redundant_cond.c:195","/*No ERROR:Redundant condition*/"
"02.wo_Defects/redundant_cond.c:215","/*No ERROR:Redundant condition*/"
"02.wo_Defects/redundant_cond.c:235","/*No ERROR:Redundant condition*/"
"02.wo_Defects/redundant_cond.c:255","/*No ERROR:Redundant condition*/"
"02.wo_Defects/redundant_cond.c:26","/*No ERROR:Redundant condition*/"
"02.wo_Defects/redundant_cond.c:280","/*No ERROR:Redundant condition*/"
"02.wo_Defects/redundant_cond.c:45","/*No ERROR:Redundant condition*/"
"02.wo_Defects/redundant_cond.c:64","/*No ERROR:Redundant condition*/"
"02.wo_Defects/redundant_cond.c:83","/*No ERROR:Redundant condition*/"
"02.wo_Defects/return_local.c:19","/*No ERROR: return - pointer to local variable */"
"02.wo_Defects/return_local.c:36","/*No ERROR: return - pointer to local variable */"
"02.wo_Defects/sleep_lock.c:106","/*No Error:Long Sleep */"
"02.wo_Defects/sleep_lock.c:37","/*No Error:Long Sleep */"
"02.wo_Defects/sleep_lock.c:76","/*No Error:Long Sleep */"
"02.wo_Defects/st_cross_thread_access.c:153","/*No ERROR:Cross thread stack access error*/"
"02.wo_Defects/st_cross_thread_access.c:251","/*No ERROR:Cross thread stack access error*/"
"02.wo_Defects/st_cross_thread_access.c:335","/*No ERROR:Cross thread stack access error*/"
"02.wo_Defects/st_cross_thread_access.c:411","/*No ERROR:Cross thread stack access error*/"
"02.wo_Defects/st_cross_thread_access.c:497","/*No ERROR:Cross thread stack access error*/"
"02.wo_Defects/st_cross_thread_access.c:62","/*No ERROR:Cross thread stack access error*/"
"02.wo_Defects/st_overflow.c:116","/*NO ERROR:Stack overflow*/"
"02.wo_Defects/st_overflow.c:148","/*NO ERROR:Stack overflow*/"
"02.wo_Defects/st_overflow.c:181","/*NO ERROR:Stack overflow*/"
"02.wo_Defects/st_overflow.c:223","/*NO ERROR:Stack overflow*/"
"02.wo_Defects/st_overflow.c:22","/*NO ERROR:Stack overflow*/"
"02.wo_Defects/st_overflow.c:77","/*NO ERROR:Stack overflow*/"
"02.wo_Defects/underrun_st.c:114","/*No ERROR:Data Underrun*/"
"02.wo_Defects/underrun_st.c:129","/*No ERROR:Data Underrun*/"
"02.wo_Defects/underrun_st.c:145","/*No ERROR:Data Underrun*/"
"02.wo_Defects/underrun_st.c:160","/*No ERROR:Data Underrun*/"
"02.wo_Defects/underrun_st.c:177","/*No ERROR:Data Underrun*/"
"02.wo_Defects/underrun_st.c:195","/*No ERROR:Data Underrun*/"
"02.wo_Defects/underrun_st.c:21","/*No ERROR:Data Underrun*/"
"02.wo_Defects/underrun_st.c:32","/*No ERROR:Data Underrun*/"
"02.wo_Defects/underrun_st.c:44","/*No ERROR:Data Underrun*/"
"02.wo_Defects/underrun_st.c:58","/*No ERROR:Data Underrun*/"
"02.wo_Defects/underrun_st.c:71","/*No ERROR:Data Underrun*/"
"02.wo_Defects/underrun_st.c:84","/*No ERROR:Data Underrun*/"
"02.wo_Defects/underrun_st.c:97","/*No ERROR:Data Underrun*/"
"02.wo_Defects/uninit_memory_access.c:209","/*No ERROR:Uninitialized Memory Access*/"
"02.wo_Defects/uninit_memory_access.c:260","/*No ERROR:Uninitialized Memory Access*/"
"02.wo_Defects/uninit_memory_access.c:26","/*No ERROR:Uninitialized Memory Access*/"
"02.wo_Defects/uninit_memory_access.c:309","/*No ERROR:Uninitialized Memory Access*/"
"02.wo_Defects/uninit_memory_access.c:330","/*No ERROR:Uninitialized Memory Access*/"
"02.wo_Defects/uninit_memory_access.c:352","/*No ERROR:Uninitialized Memory Access*/"
"02.wo_Defects/uninit_memory_access.c:383","/*No ERROR:Uninitialized Memory Access*/"
"02.wo_Defects/uninit_memory_access.c:39","/*No ERROR:Uninitialized Memory Access*/"
"02.wo_Defects/uninit_memory_access.c:435","/*No ERROR:Uninitialized Memory Access*/"
"02.wo_Defects/uninit_memory_access.c:460","/*No ERROR:Uninitialized Memory Access*/"
"02.wo_Defects/uninit_memory_access.c:55","/*No ERROR:Uninitialized Memory Access*/"
"02.wo_Defects/uninit_memory_access.c:75","/*No ERROR:Uninitialized Memory Access*/"
"02.wo_Defects/uninit_memory_access.c:99","/*No ERROR:Uninitialized Memory Access*/"
"02.wo_Defects/uninit_pointer.c:101","/*No ERROR:Uninitialized pointer*/"
"02.wo_Defects/uninit_pointer.c:110","/*No ERROR:Uninitialized pointer*/"
"02.wo_Defects/uninit_pointer.c:137","/*No ERROR:Uninitialized pointer*/"
"02.wo_Defects/uninit_pointer.c:168","/*No ERROR:Uninitialized pointer*/"
"02.wo_Defects/uninit_pointer.c:196","/*No ERROR:Uninitialized pointer*/"
"02.wo_Defects/uninit_pointer.c:209","/*No ERROR:Uninitialized pointer*/"
"02.wo_Defects/uninit_pointer.c:242","/*No ERROR:Uninitialized pointer*/"
"02.wo_Defects/uninit_pointer.c:265","/*No ERROR:Uninitialized pointer*/"
"02.wo_Defects/uninit_pointer.c:288","/*No ERROR:Uninitialized pointer*/"
"02.wo_Defects/uninit_pointer.c:29","/*No ERROR:Uninitialized pointer*/"
"02.wo_Defects/uninit_pointer.c:348","/*No ERROR:Uninitialized pointer*/"
"02.wo_Defects/uninit_pointer.c:373","/*No ERROR:Uninitialized pointer*/"
"02.wo_Defects/uninit_pointer.c:41","/*No ERROR:Uninitialized pointer*/"
"02.wo_Defects/uninit_pointer.c:422","/*No ERROR:Uninitialized pointer*/"
"02.wo_Defects/uninit_pointer.c:56","/*No ERROR:Uninitialized pointer*/"
"02.wo_Defects/uninit_pointer.c:74","/*No ERROR:Uninitialized pointer*/"
"02.wo_Defects/uninit_var.c:119","/*No ERROR:Uninitialized Variable*/"
"02.wo_Defects/uninit_var.c:140","/*No ERROR:Uninitialized Variable*/"
"02.wo_Defects/uninit_var.c:151","/*No ERROR:Uninitialized Variable*/"
"02.wo_Defects/uninit_var.c:174","/*No ERROR:Uninitialized Variable*/"
"02.wo_Defects/uninit_var.c:192","/*No ERROR:Uninitialized Variable*/"
"02.wo_Defects/uninit_var.c:216","/*No ERROR:Uninitialized Variable*/"
"02.wo_Defects/uninit_var.c:22","/*No ERROR:Uninitialized Variable*/"
"02.wo_Defects/uninit_var.c:260","/*No ERROR:Uninitialized Variable*/"
"02.wo_Defects/uninit_var.c:286","/*No ERROR:Uninitialized Variable*/"
"02.wo_Defects/uninit_var.c:318","/*No ERROR:Uninitialized Variable*/"
"02.wo_Defects/uninit_var.c:34","/*No ERROR:Uninitialized Variable*/"
"02.wo_Defects/uninit_var.c:50","/*No ERROR:Uninitialized Variable*/"
"02.wo_Defects/uninit_var.c:68","/*No ERROR:Uninitialized Variable*/"
"02.wo_Defects/uninit_var.c:81","/*No ERROR:Uninitialized Variable*/"
"02.wo_Defects/uninit_var.c:99","/*No ERROR:Uninitialized Variable*/"
"02.wo_Defects/unlock_without_lock.c:109","/* No ERROR:UnLock without lock */"
"02.wo_Defects/unlock_without_lock.c:160","/* No ERROR:UnLock without lock */"
"02.wo_Defects/unlock_without_lock.c:273","/* No ERROR:UnLock without lock */"
"02.wo_Defects/unlock_without_lock.c:319","/* No ERROR:UnLock without lock */"
"02.wo_Defects/unlock_without_lock.c:365","/* No ERROR:UnLock without lock */"
"02.wo_Defects/unlock_without_lock.c:43","/* No ERROR:UnLock without lock */"
"02.wo_Defects/unlock_without_lock.c:465","/* No ERROR:UnLock without lock */"
"02.wo_Defects/unlock_without_lock.c:537","/* No ERROR:Unlock without Lock */"
"02.wo_Defects/unused_var.c:107","/*No ERROR:Unused variable*/"
"02.wo_Defects/unused_var.c:122","/*No ERROR:Unused variable*/"
"02.wo_Defects/unused_var.c:156","/*ERROR:Unused variable*/"
"02.wo_Defects/unused_var.c:157","/*No ERROR:Unused variable*/"
"02.wo_Defects/unused_var.c:23","/*No ERROR:Unused variable*/"
"02.wo_Defects/unused_var.c:42","/*No ERROR:Unused variable*/"
"02.wo_Defects/unused_var.c:79","/*No ERROR:Unused variable*/"
"02.wo_Defects/unused_var.c:93","/*No ERROR:Unused variable*/"
"02.wo_Defects/wrong_arguments_func_pointer.c:113","error*//*No ERROR:Wrong arguments passed to a function pointer*/"
"02.wo_Defects/wrong_arguments_func_pointer.c:138","error*//*No ERROR:Wrong arguments passed to a function pointer*/"
"02.wo_Defects/wrong_arguments_func_pointer.c:157","error*//*No ERROR:Wrong arguments passed to a function pointer*/"
"02.wo_Defects/wrong_arguments_func_pointer.c:177","error*//*No ERROR:Wrong arguments passed to a function pointer*/"
"02.wo_Defects/wrong_arguments_func_pointer.c:196","error*//*No ERROR:Wrong arguments passed to a function pointer*/"
"02.wo_Defects/wrong_arguments_func_pointer.c:223","error*//*No ERROR:Wrong arguments passed to a function pointer*/"
"02.wo_Defects/wrong_arguments_func_pointer.c:252","error*//*No ERROR:Wrong arguments passed to a function pointer*/"
"02.wo_Defects/wrong_arguments_func_pointer.c:296","error*//*No ERROR:Wrong arguments passed to a function pointer*/"
"02.wo_Defects/wrong_arguments_func_pointer.c:350","error*//*No ERROR:Wrong arguments passed to a function pointer*/"
"02.wo_Defects/wrong_arguments_func_pointer.c:379","error*//*No ERROR:Wrong arguments passed to a function pointer*/"
"02.wo_Defects/wrong_arguments_func_pointer.c:419","error*//*No ERROR:Wrong arguments passed to a function pointer*/"
"02.wo_Defects/wrong_arguments_func_pointer.c:452","error*//*No ERROR:Wrong arguments passed to a function pointer*/"
"02.wo_Defects/wrong_arguments_func_pointer.c:485","error*//*No ERROR:Wrong arguments passed to a function pointer*/"
"02.wo_Defects/wrong_arguments_func_pointer.c:524","error*//*No ERROR:Wrong arguments passed to a function pointer*/"
"02.wo_Defects/wrong_arguments_func_pointer.c:52","error*//*No ERROR:Wrong arguments passed to a function pointer*/"
"02.wo_Defects/wrong_arguments_func_pointer.c:574","error*//*No ERROR:Wrong arguments passed to a function pointer*/"
"02.wo_Defects/wrong_arguments_func_pointer.c:73","error*//*No ERROR:Wrong arguments passed to a function pointer*/"
"02.wo_Defects/wrong_arguments_func_pointer.c:93","error*//*No ERROR:Wrong arguments passed to a function pointer*/"
"02.wo_Defects/zero_division.c:115","/* No ERROR:division by zero */"
"02.wo_Defects/zero_division.c:126","/* No ERROR:division by zero */"
"02.wo_Defects/zero_division.c:138","/* No ERROR:division by zero */"
"02.wo_Defects/zero_division.c:153","/* No ERROR:division by zero */"
"02.wo_Defects/zero_division.c:166","/* No ERROR:division by zero */"
"02.wo_Defects/zero_division.c:178","/* No ERROR:division by zero */"
"02.wo_Defects/zero_division.c:195","/* No ERROR:division by zero */"
"02.wo_Defects/zero_division.c:206","/* No ERROR:division by zero */"
"02.wo_Defects/zero_division.c:225","/* No ERROR:division by zero */"
"02.wo_Defects/zero_division.c:22","/* No ERROR:division by zero */"
"02.wo_Defects/zero_division.c:252","/* No ERROR:division by zero */"
"02.wo_Defects/zero_division.c:33","/* No ERROR:division by zero */"
"02.wo_Defects/zero_division.c:45","/* No ERROR:division by zero */"
"02.wo_Defects/zero_division.c:56","/* No ERROR:division by zero */"
"02.wo_Defects/zero_division.c:75","/* No ERROR:division by zero */"
"02.wo_Defects/zero_division.c:90","/* No ERROR:division by zero */"
