"common/c_cpp/src/c/fileparser.c:174","(style) Consecutive return, break, continue, goto or throw statements are unnecessary."
"common/c_cpp/src/c/fileutils.c:48","(warning, inconclusive) The buffer 'delimiters' may not be null-terminated after the call to strncpy()."
"common/c_cpp/src/c/fileutils.c:51","(portability) Non reentrant function 'strtok' called. For threadsafe applications it is recommended to use the reentrant replacement function 'strtok_r'."
"common/c_cpp/src/c/fileutils.c:68","(portability) Non reentrant function 'strtok' called. For threadsafe applications it is recommended to use the reentrant replacement function 'strtok_r'."
"common/c_cpp/src/c/list.c:184","(error) Memory leak: result"
"common/c_cpp/src/c/list.c:295 -> common/c_cpp/src/c/list.c:298","(style) Variable 'rval' is reassigned a value before the old one has been used."
"common/c_cpp/src/c/list.c:312 -> common/c_cpp/src/c/list.c:315","(style) Variable 'rval' is reassigned a value before the old one has been used."
"common/c_cpp/src/c/list.c:331","(style) The scope of the variable 'i' can be reduced."
"common/c_cpp/src/c/list.c:381 -> common/c_cpp/src/c/list.c:384","(style) Variable 'rval' is reassigned a value before the old one has been used."
"common/c_cpp/src/c/list.c:629 -> common/c_cpp/src/c/list.c:632","(style) Variable 'rval' is reassigned a value before the old one has been used."
"common/c_cpp/src/c/list.c:678 -> common/c_cpp/src/c/list.c:682","(style) Variable 'rval' is reassigned a value before the old one has been used."
"common/c_cpp/src/c/list.c:738 -> common/c_cpp/src/c/list.c:742","(style) Variable 'cur' is reassigned a value before the old one has been used."
"common/c_cpp/src/c/machine_port.c:106 -> common/c_cpp/src/c/machine_port.c:122","(style) Variable 'dir' is reassigned a value before the old one has been used."
"common/c_cpp/src/c/machine_port.c:107","(style) The scope of the variable 'buffer' can be reduced."
"common/c_cpp/src/c/machine_port.c:123","(portability) Non reentrant function 'readdir' called. For threadsafe applications it is recommended to use the reentrant replacement function 'readdir_r'."
"common/c_cpp/src/c/machine_port.c:179","(portability) Non reentrant function 'readdir' called. For threadsafe applications it is recommended to use the reentrant replacement function 'readdir_r'."
"common/c_cpp/src/c/machine_port.c:212","(portability) Non reentrant function 'readdir' called. For threadsafe applications it is recommended to use the reentrant replacement function 'readdir_r'."
"common/c_cpp/src/c/machine_port.c:286","(style) The scope of the variable 'name' can be reduced."
"common/c_cpp/src/c/machine_port.c:287","(style) The scope of the variable 'len' can be reduced."
"common/c_cpp/src/c/machine_port.c:349","(style) The scope of the variable 'ppid' can be reduced."
"common/c_cpp/src/c/memnode.c:34 -> common/c_cpp/src/c/memnode.c:35","(style) Variable 'newNode' is reassigned a value before the old one has been used."
"common/c_cpp/src/c/mempool.c:174 -> common/c_cpp/src/c/mempool.c:176","(style) Variable 'tracker' is reassigned a value before the old one has been used."
"common/c_cpp/src/c/mempool.c:196 -> common/c_cpp/src/c/mempool.c:198","(style) Variable 'tracker' is reassigned a value before the old one has been used."
"common/c_cpp/src/c/network.c:155","(error) Resource leak: sock"
"common/c_cpp/src/c/network.c:162 -> common/c_cpp/src/c/network.c:170","(style) Variable 'host' is reassigned a value before the old one has been used."
"common/c_cpp/src/c/network.c:170","(style) Obsolescent function 'gethostbyname' called. It is recommended to use 'getaddrinfo' instead."
"common/c_cpp/src/c/network.c:176","(warning, inconclusive) The buffer 'gIPAddress' may not be null-terminated after the call to strncpy()."
"common/c_cpp/src/c/network.c:183","(warning, inconclusive) The buffer 'gIPAddress' may not be null-terminated after the call to strncpy()."
"common/c_cpp/src/c/network.c:34","(style) The scope of the variable 'netip' can be reduced."
"common/c_cpp/src/c/network.c:61","(portability) Non reentrant function 'getnetbyname' called. For threadsafe applications it is recommended to use the reentrant replacement function 'getnetbyname_r'."
"common/c_cpp/src/c/network.c:70","(style) Obsolescent function 'gethostbyname' called. It is recommended to use 'getaddrinfo' instead."
"common/c_cpp/src/c/property.c:342 -> common/c_cpp/src/c/property.c:354","(style) Variable 'returnVal' is reassigned a value before the old one has been used."
"common/c_cpp/src/c/property.c:64","(style) The scope of the variable 'i' can be reduced."
"common/c_cpp/src/c/property.c:64","(style) The scope of the variable 'j' can be reduced."
"common/c_cpp/src/c/property.c:65","(style) The scope of the variable 'pointer' can be reduced."
"common/c_cpp/src/c/property.c:66","(style) The scope of the variable 'length' can be reduced."
"common/c_cpp/src/c/propertyinternal.h:25 -> common/c_cpp/src/c/property.c:548","(style, inconclusive) Function 'propertiesImpl_AddProperty' argument 1 names different: declaration 'this' definition 'properties'."
"common/c_cpp/src/c/queue.c:75 -> common/c_cpp/src/c/queue.c:78","(style) Variable 'impl' is reassigned a value before the old one has been used."
"common/c_cpp/src/c/strutils.c:361","(warning) Assignment of function parameter has no effect outside the function. Did you forget dereferencing it?"
"common/c_cpp/src/c/strutils.c:445","(style) The scope of the variable 'OK' can be reduced."
"common/c_cpp/src/c/strutils.c:447","(style) The scope of the variable 'n' can be reduced."
"common/c_cpp/src/c/strutils.c:605","(portability) Non reentrant function 'strtok' called. For threadsafe applications it is recommended to use the reentrant replacement function 'strtok_r'."
"common/c_cpp/src/c/strutils.c:632","(error) Array 'version->mExtra16' accessed at index 16, which is out of bounds."
"common/c_cpp/src/c/strutils.c:632","(error) Array 'version.mExtra16' accessed at index 16, which is out of bounds."
"common/c_cpp/src/c/strutils.c:645","(portability) Non reentrant function 'strtok' called. For threadsafe applications it is recommended to use the reentrant replacement function 'strtok_r'."
"common/c_cpp/src/c/thread.c:129 -> common/c_cpp/src/c/thread.c:127","(warning) Either the condition 'if(impl)' is redundant or there is possible null pointer dereference: impl."
"common/c_cpp/src/c/timers.c:123 -> common/c_cpp/src/c/timers.c:127","(style) Variable 'ele' is reassigned a value before the old one has been used."
"common/c_cpp/src/c/timers.c:280","(style) Variable 'kickPipe' is assigned a value that is never used."
"common/c_cpp/src/c/wMessageStats.c:237","(style) Unused variable: mysCacheStatus"
"common/c_cpp/src/c/wMessageStats.c:289","(error) Memory leak: mysCache"
"common/c_cpp/src/c/wMessageStats.c:301","(error) Memory leak: mysCache"
"common/c_cpp/src/c/wMessageStats.c:356","(style) The scope of the variable 'timeIntervalInSeconds' can be reduced."
"common/c_cpp/src/c/wMessageStats.c:444 -> common/c_cpp/src/c/wMessageStats.c:445","(style) Variable 'mPData' is reassigned a value before the old one has been used."
"common/c_cpp/src/c/wMessageStats.c:466","(style) The scope of the variable 'ret' can be reduced."
"common/c_cpp/src/c/wMessageStats.c:557","(style) The scope of the variable 'latencyUSecs' can be reduced."
"common/c_cpp/src/c/wMessageStats.c:608","(portability) Non reentrant function 'localtime' called. For threadsafe applications it is recommended to use the reentrant replacement function 'localtime_r'."
"common/c_cpp/src/c/wMessageStats.c:718 -> common/c_cpp/src/c/wMessageStats.c:729","(style) Variable 'diffRealTime' is reassigned a value before the old one has been used."
"common/c_cpp/src/c/wMessageStats.c:719 -> common/c_cpp/src/c/wMessageStats.c:738","(style) Variable 'diff' is reassigned a value before the old one has been used."
"common/c_cpp/src/c/wMessageStats.c:720","(style) Variable 'CurrentProcTime' is not assigned a value."
"common/c_cpp/src/c/wMessageStats.c:721 -> common/c_cpp/src/c/wMessageStats.c:724","(style) Variable 'CurrentRealTime' is reassigned a value before the old one has been used."
"common/c_cpp/src/c/wMessageStats.c:982 -> common/c_cpp/src/c/wMessageStats.c:983","(style) Variable 'mPData' is reassigned a value before the old one has been used."
"common/c_cpp/src/c/wombat/port.h:112 -> common/c_cpp/src/c/wSemaphore.c:26","(style, inconclusive) Function 'wsem_timedwait' argument 2 names different: declaration 'ts' definition 'timeoutval'."
"common/c_cpp/src/c/wombat/strutils.h:106 -> common/c_cpp/src/c/strutils.c:271","(style, inconclusive) Function 'wmFastPrintF32' argument 4 names different: declaration 'decimalPlaces' definition 'places'."
"common/c_cpp/src/c/wombat/strutils.h:111 -> common/c_cpp/src/c/strutils.c:278","(style, inconclusive) Function 'wmFastPrintF64' argument 2 names different: declaration 'maxLen' definition 'maxlen'."
"common/c_cpp/src/c/wombat/strutils.h:113 -> common/c_cpp/src/c/strutils.c:280","(style, inconclusive) Function 'wmFastPrintF64' argument 4 names different: declaration 'decimalPlaces' definition 'places'."
"common/c_cpp/src/c/wombat/strutils.h:50 -> common/c_cpp/src/c/strutils.c:382","(style, inconclusive) Function 'wmFastCopyAndShiftStr' argument 1 names different: declaration 'result' definition 'result0'."
"common/c_cpp/src/c/wombat/strutils.h:51 -> common/c_cpp/src/c/strutils.c:383","(style, inconclusive) Function 'wmFastCopyAndShiftStr' argument 2 names different: declaration 'maxLen' definition 'maxLen0'."
"common/c_cpp/src/c/wombat/strutils.h:56 -> common/c_cpp/src/c/strutils.c:399","(style, inconclusive) Function 'wmFastCopyAndShiftChar' argument 1 names different: declaration 'result' definition 'result0'."
"common/c_cpp/src/c/wombat/strutils.h:57 -> common/c_cpp/src/c/strutils.c:400","(style, inconclusive) Function 'wmFastCopyAndShiftChar' argument 2 names different: declaration 'maxLen' definition 'maxLen0'."
"common/c_cpp/src/c/wtable.c:161","(style) The scope of the variable 'func' can be reduced."
"common/c_cpp/src/c/wtable.c:223","(style) The scope of the variable 'func' can be reduced."
"common/c_cpp/src/c/wtable.c:298","(style) The scope of the variable 'func' can be reduced."
"common/c_cpp/src/c/wtable.c:366","(style) The scope of the variable 'func' can be reduced."
"mama/c_cpp/src/c/bridge/qpid/bridge.c:156","(style) The scope of the variable 'timerThread' can be reduced."
"mama/c_cpp/src/c/bridge/qpid/bridge.c:72","(style) Unused variable: propString"
"mama/c_cpp/src/c/bridge/qpid/endpointpool.c:257 -> mama/c_cpp/src/c/bridge/qpid/endpointpool.c:260","(style) Variable 'newConsumerTable' is reassigned a value before the old one has been used."
"mama/c_cpp/src/c/bridge/qpid/endpointpool.c:455 -> mama/c_cpp/src/c/bridge/qpid/endpointpool.c:459","(style) Variable 'registeredTable' is reassigned a value before the old one has been used."
"mama/c_cpp/src/c/bridge/qpid/endpointpool.c:78 -> mama/c_cpp/src/c/bridge/qpid/endpointpool.c:480","(style, inconclusive) Function 'endpointPoolImpl_extendBuffer' argument 1 names different: declaration 'endpoints' definition 'impl'."
"mama/c_cpp/src/c/bridge/qpid/io.c:247","(style) The scope of the variable 'dispatchResult' can be reduced."
"mama/c_cpp/src/c/bridge/qpid/publisher.c:267","(style) The scope of the variable 'targetInc' can be reduced."
"mama/c_cpp/src/c/bridge/qpid/publisher.c:682","(style) The scope of the variable 'pnLinkState' can be reduced."
"mama/c_cpp/src/c/bridge/qpid/qpidbridgefunctions.h:1105 -> mama/c_cpp/src/c/bridge/qpid/publisher.c:466","(style, inconclusive) Function 'qpidBridgeMamaPublisher_sendReplyToInboxHandle' argument 2 names different: declaration 'wmwReply' definition 'inbox'."
"mama/c_cpp/src/c/bridge/qpid/qpidbridgefunctions.h:1214 -> mama/c_cpp/src/c/bridge/qpid/inbox.c:133","(style, inconclusive) Function 'qpidBridgeMamaInbox_create' argument 2 names different: declaration 'tport' definition 'transport'."
"mama/c_cpp/src/c/bridge/qpid/qpidbridgefunctions.h:1251 -> mama/c_cpp/src/c/bridge/qpid/inbox.c:154","(style, inconclusive) Function 'qpidBridgeMamaInbox_createByIndex' argument 2 names different: declaration 'tport' definition 'transport'."
"mama/c_cpp/src/c/bridge/qpid/qpidbridgefunctions.h:595 -> mama/c_cpp/src/c/bridge/qpid/transport.c:580","(style, inconclusive) Function 'qpidBridgeMamaTransport_freeAllServerConnections' argument 3 names different: declaration 'connections' definition 'result'."
"mama/c_cpp/src/c/bridge/qpid/qpidbridgefunctions.h:607 -> mama/c_cpp/src/c/bridge/qpid/transport.c:589","(style, inconclusive) Function 'qpidBridgeMamaTransport_freeAllConnections' argument 3 names different: declaration 'connections' definition 'result'."
"mama/c_cpp/src/c/bridge/qpid/qpidbridgefunctions.h:651 -> mama/c_cpp/src/c/bridge/qpid/transport.c:637","(style, inconclusive) Function 'qpidBridgeMamaTransport_sendMsgToConnection' argument 1 names different: declaration 'transport' definition 'tport'."
"mama/c_cpp/src/c/bridge/qpid/qpidbridgefunctions.h:675 -> mama/c_cpp/src/c/bridge/qpid/transport.c:660","(style, inconclusive) Function 'qpidBridgeMamaTransport_installConnectConflateMgr' argument 1 names different: declaration 'transport' definition 'handle'."
"mama/c_cpp/src/c/bridge/qpid/qpidbridgefunctions.h:689 -> mama/c_cpp/src/c/bridge/qpid/transport.c:671","(style, inconclusive) Function 'qpidBridgeMamaTransport_uninstallConnectConflateMgr' argument 1 names different: declaration 'transport' definition 'handle'."
"mama/c_cpp/src/c/bridge/qpid/qpidbridgefunctions.h:701 -> mama/c_cpp/src/c/bridge/qpid/transport.c:680","(style, inconclusive) Function 'qpidBridgeMamaTransport_startConnectionConflation' argument 1 names different: declaration 'transport' definition 'tport'."
"mama/c_cpp/src/c/bridge/qpid/qpidbridgefunctions.h:768 -> mama/c_cpp/src/c/bridge/qpid/subscription.c:50","(style, inconclusive) Function 'qpidBridgeMamaSubscription_create' argument 4 names different: declaration 'transport' definition 'tport'."
"mama/c_cpp/src/c/bridge/qpid/qpidbridgefunctions.h:782 -> mama/c_cpp/src/c/bridge/qpid/subscription.c:203","(style, inconclusive) Function 'qpidBridgeMamaSubscription_createWildCard' argument 1 names different: declaration 'subsc_' definition 'subscriber'."
"mama/c_cpp/src/c/bridge/qpid/qpidbridgefunctions.h:831 -> mama/c_cpp/src/c/bridge/qpid/subscription.c:307","(style, inconclusive) Function 'qpidBridgeMamaSubscription_isValid' argument 1 names different: declaration 'bridge' definition 'subscriber'."
"mama/c_cpp/src/c/bridge/qpid/qpidbridgefunctions.h:849 -> mama/c_cpp/src/c/bridge/qpid/subscription.c:325","(style, inconclusive) Function 'qpidBridgeMamaSubscription_getPlatformError' argument 1 names different: declaration 'subsc' definition 'subscriber'."
"mama/c_cpp/src/c/bridge/qpid/qpidbridgefunctions.h:859 -> mama/c_cpp/src/c/bridge/qpid/subscription.c:332","(style, inconclusive) Function 'qpidBridgeMamaSubscription_isTportDisconnected' argument 1 names different: declaration 'subsc' definition 'subscriber'."
"mama/c_cpp/src/c/bridge/qpid/qpidbridgefunctions.h:868 -> mama/c_cpp/src/c/bridge/qpid/subscription.c:343","(style, inconclusive) Function 'qpidBridgeMamaSubscription_setTopicClosure' argument 1 names different: declaration 'subsc' definition 'subscriber'."
"mama/c_cpp/src/c/bridge/qpid/qpidbridgefunctions.h:878 -> mama/c_cpp/src/c/bridge/qpid/subscription.c:350","(style, inconclusive) Function 'qpidBridgeMamaSubscription_muteCurrentTopic' argument 1 names different: declaration 'subsc' definition 'subscriber'."
"mama/c_cpp/src/c/bridge/qpid/qpidbridgefunctions.h:908 -> mama/c_cpp/src/c/bridge/qpid/timer.c:103","(style, inconclusive) Function 'qpidBridgeMamaTimer_create' argument 1 names different: declaration 'timer' definition 'result'."
"mama/c_cpp/src/c/bridge/qpid/subscription.c:179","(style) A pointer can not be negative so it is either pointless or an error to check if it is."
"mama/c_cpp/src/c/bridge/qpid/transport.c:1105 -> mama/c_cpp/src/c/bridge/qpid/transport.c:1118","(style) Variable 'returnVal' is reassigned a value before the old one has been used."
"mama/c_cpp/src/c/bridge/qpid/transport.c:1171 -> mama/c_cpp/src/c/bridge/qpid/transport.c:1178","(style) Variable 'property' is reassigned a value before the old one has been used."
"mama/c_cpp/src/c/bridge/qpid/transport.c:1195 -> mama/c_cpp/src/c/bridge/qpid/transport.c:1202","(style) Variable 'returnVal' is reassigned a value before the old one has been used."
"mama/c_cpp/src/c/bridge/qpid/transport.c:1353 -> mama/c_cpp/src/c/bridge/qpid/transport.c:1359","(style) Variable 'topic' is reassigned a value before the old one has been used."
"mama/c_cpp/src/c/bridge/qpid/transport.c:1354 -> mama/c_cpp/src/c/bridge/qpid/transport.c:1360","(style) Variable 'replyTo' is reassigned a value before the old one has been used."
"mama/c_cpp/src/c/bridge/qpid/transport.c:1413","(style) Consecutive return, break, continue, goto or throw statements are unnecessary."
"mama/c_cpp/src/c/bridge/qpid/transport.c:275","(style) Variable 'next' is assigned a value that is never used."
"mama/c_cpp/src/c/bridge/qpid/transport.c:763 -> mama/c_cpp/src/c/bridge/qpid/transport.c:765","(style) Variable 'status' is reassigned a value before the old one has been used."
"mama/c_cpp/src/c/bridge/qpid/transport.c:852","(style) Unused variable: attr"
"mama/c_cpp/src/c/bridge/qpid/transport.c:888","(style) A pointer can not be negative so it is either pointless or an error to check if it is."
"mama/c_cpp/src/c/bridge/qpid/transport.c:906","(style) A pointer can not be negative so it is either pointless or an error to check if it is."
"mama/c_cpp/src/c/bridge/qpid/transport.c:943 -> mama/c_cpp/src/c/bridge/qpid/transport.c:952","(style) Variable 'status' is reassigned a value before the old one has been used."
"mama/c_cpp/src/c/conflation/connection_int.h:68 -> mama/c_cpp/src/c/conflation/connection.c:37","(style, inconclusive) Function 'mamaConnection_allocate' argument 8 names different: declaration 'bytesCount' definition 'bytesSent'."
"mama/c_cpp/src/c/conflation/manager.c:218","(style) Condition 'status==MAMA_STATUS_OK' is always true"
"mama/c_cpp/src/c/dictionary.c:135","(style) The scope of the variable 'i' can be reduced."
"mama/c_cpp/src/c/dictionary.c:323","(style) Checking if unsigned variable '*size' is less than zero."
"mama/c_cpp/src/c/dictionary.c:426 -> mama/c_cpp/src/c/dictionary.c:429","(style) Variable 'msgStatus' is reassigned a value before the old one has been used."
"mama/c_cpp/src/c/dictionary.c:427 -> mama/c_cpp/src/c/dictionary.c:430","(style) Variable 'msgType' is reassigned a value before the old one has been used."
"mama/c_cpp/src/c/dqpublisher.c:303","(style) The scope of the variable 'sendtimestr' can be reduced."
"mama/c_cpp/src/c/dqpublisher.c:51 -> mama/c_cpp/src/c/dqpublisher.c:53","(style) Variable 'impl' is reassigned a value before the old one has been used."
"mama/c_cpp/src/c/dqpublisher.c:71 -> mama/c_cpp/src/c/dqpublisher.c:74","(style) Variable 'status' is reassigned a value before the old one has been used."
"mama/c_cpp/src/c/dqpublishermanager.c:136","(warning) Possible null pointer dereference: impl"
"mama/c_cpp/src/c/dqpublishermanager.c:219 -> mama/c_cpp/src/c/dqpublishermanager.c:221","(style) Variable 'impl' is reassigned a value before the old one has been used."
"mama/c_cpp/src/c/dqpublishermanager.c:357 -> mama/c_cpp/src/c/dqpublishermanager.c:360","(style) Variable 'newTopic' is reassigned a value before the old one has been used."
"mama/c_cpp/src/c/dqpublishermanager.c:386 -> mama/c_cpp/src/c/dqpublishermanager.c:389","(style) Variable 'newTopic' is reassigned a value before the old one has been used."
"mama/c_cpp/src/c/dqpublishermanager.c:412 -> mama/c_cpp/src/c/dqpublishermanager.c:417","(style) Variable 'newTopic' is reassigned a value before the old one has been used."
"mama/c_cpp/src/c/dqpublishermanager.c:414","(style) The scope of the variable 'topic' can be reduced."
"mama/c_cpp/src/c/dqpublishermanager.c:415","(style) The scope of the variable 'length' can be reduced."
"mama/c_cpp/src/c/dqpublishermanager.c:445","(error) Memory leak: newTopic"
"mama/c_cpp/src/c/dqstrategy.c:109 -> mama/c_cpp/src/c/dqstrategy.c:114","(style) Variable 'cb' is reassigned a value before the old one has been used."
"mama/c_cpp/src/c/dqstrategy.c:264","(warning) Logical disjunction always evaluates to true: ctxDqState != 2 || ctxDqState != 6."
"mama/c_cpp/src/c/dqstrategy.c:370 -> mama/c_cpp/src/c/dqstrategy.c:374","(style) Variable 'msgStatus' is reassigned a value before the old one has been used."
"mama/c_cpp/src/c/dqstrategy.c:524 -> mama/c_cpp/src/c/dqstrategy.c:530","(style) Variable 'cb' is reassigned a value before the old one has been used."
"mama/c_cpp/src/c/dqstrategy.c:543","(style) Redundant condition: If 'EXPR == 3', the comparison 'EXPR != 2' is always true."
"mama/c_cpp/src/c/dqstrategy.c:594 -> mama/c_cpp/src/c/dqstrategy.c:595","(style) Variable 'ctx->mSenderId' is reassigned a value before the old one has been used."
"mama/c_cpp/src/c/dqstrategy.c:66 -> mama/c_cpp/src/c/dqstrategy.c:692","(style, inconclusive) Function 'dqContext_fillGap' argument 2 names different: declaration 'seqNum' definition 'end'."
"mama/c_cpp/src/c/dqstrategy.c:795","(style) The scope of the variable 'i' can be reduced."
"mama/c_cpp/src/c/dqstrategy.h:77 -> mama/c_cpp/src/c/dqstrategy.c:70","(style, inconclusive) Function 'dqStrategy_create' argument 1 names different: declaration 'strategy' definition 'strategy_'."
"mama/c_cpp/src/c/entitlement/noop/noop.h:54 -> mama/c_cpp/src/c/entitlement/noop/noop.c:64","(style, inconclusive) Function 'noopEntitlementBridge_createSubscription' argument 1 names different: declaration 'entBridge' definition 'mamaEntBridge'."
"mama/c_cpp/src/c/fieldcache/fieldcachemaparray.c:100","(style) The scope of the variable 'i' can be reduced."
"mama/c_cpp/src/c/fieldcache/fieldcachemaparray.c:147 -> mama/c_cpp/src/c/fieldcache/fieldcachemaparray.c:151","(style) Variable 'arrayMap' is reassigned a value before the old one has been used."
"mama/c_cpp/src/c/fieldcache/fieldcachemaparray.c:96 -> mama/c_cpp/src/c/fieldcache/fieldcachemaparray.c:103","(style) Variable 'arrayMap' is reassigned a value before the old one has been used."
"mama/c_cpp/src/c/fieldcache/fieldcachemaparray.c:98","(style) The scope of the variable 'newSize' can be reduced."
"mama/c_cpp/src/c/fieldcache/fieldcachemap.c:31 -> mama/c_cpp/src/c/fieldcache/fieldcachemap.c:34","(style) Variable 'ret' is reassigned a value before the old one has been used."
"mama/c_cpp/src/c/fielddesc.c:76","(warning) Assignment of function parameter has no effect outside the function. Did you forget dereferencing it?"
"mama/c_cpp/src/c/ft.c:1119","(warning) %d in format string (no. 3) requires 'int' but the argument type is 'unsigned int'."
"mama/c_cpp/src/c/ft.c:1119","(warning) %d in format string (no. 4) requires 'int' but the argument type is 'unsigned int'."
"mama/c_cpp/src/c/ft.c:1168","(warning) sscanf() without field width limits can crash with huge input data."
"mama/c_cpp/src/c/ft.c:512","(style) Obsolescent function 'gethostbyname' called. It is recommended to use 'getaddrinfo' instead."
"mama/c_cpp/src/c/ft.c:678","(error) Uninitialized variable: status"
"mama/c_cpp/src/c/ft.c:962","(error) Resource leak: sock"
"mama/c_cpp/src/c/imagerequest.c:134 -> mama/c_cpp/src/c/imagerequest.c:635","(style, inconclusive) Function 'requestAction' argument 2 names different: declaration 'msg' definition 'action'."
"mama/c_cpp/src/c/imagerequest.c:319 -> mama/c_cpp/src/c/imagerequest.c:329","(style) Variable 'impl' is reassigned a value before the old one has been used."
"mama/c_cpp/src/c/imagerequest.c:736 -> mama/c_cpp/src/c/imagerequest.c:743","(style) Variable 'action' is reassigned a value before the old one has been used."
"mama/c_cpp/src/c/imagerequest.h:39 -> mama/c_cpp/src/c/imagerequest.c:313","(style, inconclusive) Function 'imageRequest_create' argument 1 names different: declaration 'request' definition 'result'."
"mama/c_cpp/src/c/inboximpl.h:38 -> mama/c_cpp/src/c/inbox.c:130","(style, inconclusive) Function 'mamaInbox_createByIndex' argument 2 names different: declaration 'tport' definition 'transport'."
"mama/c_cpp/src/c/inboximpl.h:48 -> mama/c_cpp/src/c/inbox.c:143","(style, inconclusive) Function 'mamaInbox_createByIndex2' argument 2 names different: declaration 'tport' definition 'transport'."
"mama/c_cpp/src/c/listenermsgcallback.c:416","(style) Consecutive return, break, continue, goto or throw statements are unnecessary."
"mama/c_cpp/src/c/listenermsgcallback.h:38 -> mama/c_cpp/src/c/listenermsgcallback.c:81","(style, inconclusive) Function 'listenerMsgCallback_create' argument 1 names different: declaration 'callback' definition 'result'."
"mama/c_cpp/src/c/log.c:1003 -> mama/c_cpp/src/c/log.c:1010","(style) Variable 'logFunction' is reassigned a value before the old one has been used."
"mama/c_cpp/src/c/log.c:1084 -> mama/c_cpp/src/c/log.c:1091","(style) Variable 'logFunction' is reassigned a value before the old one has been used."
"mama/c_cpp/src/c/log.c:1110 -> mama/c_cpp/src/c/log.c:1117","(style) Variable 'logFunction' is reassigned a value before the old one has been used."
"mama/c_cpp/src/c/log.c:1132 -> mama/c_cpp/src/c/log.c:1138","(style) Variable 'forceLogFunction' is reassigned a value before the old one has been used."
"mama/c_cpp/src/c/log.c:1153 -> mama/c_cpp/src/c/log.c:1159","(style) Variable 'forceLogFunction' is reassigned a value before the old one has been used."
"mama/c_cpp/src/c/log.c:172","(warning) %d in format string (no. 1) requires 'int' but the argument type is 'unsigned int'."
"mama/c_cpp/src/c/log.c:529","(error) va_start() or va_copy() called subsequently on 'ap' without va_end() in between."
"mama/c_cpp/src/c/mama.c:1066 -> mama/c_cpp/src/c/mama.c:1071","(style) Variable 'propVal' is reassigned a value before the old one has been used."
"mama/c_cpp/src/c/mama.c:1144 -> mama/c_cpp/src/c/mama.c:1147","(style) Variable 'statsIntervalStr' is reassigned a value before the old one has been used."
"mama/c_cpp/src/c/mama.c:1177 -> mama/c_cpp/src/c/mama.c:1178","(style) Variable 'statsMiddleware' is reassigned a value before the old one has been used."
"mama/c_cpp/src/c/mama.c:1260","(style) Unused variable: fileProperties"
"mama/c_cpp/src/c/mama.c:1318","(style) The scope of the variable 'payload' can be reduced."
"mama/c_cpp/src/c/mama.c:1319","(style) The scope of the variable 'bridgeCount' can be reduced."
"mama/c_cpp/src/c/mama.c:1372","(style) Unused variable: threadname"
"mama/c_cpp/src/c/mama.c:1710","(style) Unused variable: thread"
"mama/c_cpp/src/c/mama.c:1890","(portability) Non reentrant function 'getlogin' called. For threadsafe applications it is recommended to use the reentrant replacement function 'getlogin_r'."
"mama/c_cpp/src/c/mama.c:2268","(style) Label 'error_handling_close_and_unlock' is not used."
"mama/c_cpp/src/c/mama.c:2805","(style) Label 'error_handling_close_and_unlock' is not used."
"mama/c_cpp/src/c/mama.c:416 -> mama/c_cpp/src/c/mama.c:421","(style) Variable 'statsLogTportName' is reassigned a value before the old one has been used."
"mama/c_cpp/src/c/mama.c:417 -> mama/c_cpp/src/c/mama.c:423","(style) Variable 'statsLogMiddlewareName' is reassigned a value before the old one has been used."
"mama/c_cpp/src/c/mama.c:764","(style) The scope of the variable 'payloadLib' can be reduced."
"mama/c_cpp/src/c/mama/dictionary.h:83 -> mama/c_cpp/src/c/subscription.c:791","(style, inconclusive) Function 'mama_createDictionary' argument 3 names different: declaration 'dictionaryCallbacks' definition 'dictionaryCallback'."
"mama/c_cpp/src/c/mama/dqpublishermanager.h:113 -> mama/c_cpp/src/c/dqpublishermanager.c:246","(style, inconclusive) Function 'mamaDQPublisherManager_create' argument 1 names different: declaration 'dqPublisher' definition 'manager'."
"mama/c_cpp/src/c/mama/fielddesc.h:156 -> mama/c_cpp/src/c/fielddesc.c:34","(style, inconclusive) Function 'mamaFieldDescriptor_create' argument 3 names different: declaration 'type' definition 'wType'."
"mama/c_cpp/src/c/mamainternal.h:125 -> mama/c_cpp/src/c/mama.c:1951","(style, inconclusive) Function 'mamaInternal_registerBridge' argument 2 names different: declaration 'middleware' definition 'middlewareName'."
"mama/c_cpp/src/c/mama/log.h:185 -> mama/c_cpp/src/c/log.c:867","(style, inconclusive) Function 'mama_enableLogging' argument 1 names different: declaration 'file' definition 'f'."
"mama/c_cpp/src/c/mama/log.h:469 -> mama/c_cpp/src/c/log.c:725","(style, inconclusive) Function 'mama_setLogSizeCb' argument 1 names different: declaration 'logCallbacks' definition 'callback'."
"mama/c_cpp/src/c/mama/mama.h:141 -> mama/c_cpp/src/c/mama.c:2469","(style, inconclusive) Function 'mama_loadBridge' argument 2 names different: declaration 'middleware' definition 'middlewareName'."
"mama/c_cpp/src/c/mama/mama.h:145 -> mama/c_cpp/src/c/mama.c:1968","(style, inconclusive) Function 'mama_loadPayloadBridge' argument 1 names different: declaration 'bridge' definition 'impl'."
"mama/c_cpp/src/c/mama/mama.h:159 -> mama/c_cpp/src/c/mama.c:2814","(style, inconclusive) Function 'mama_loadBridgeWithPath' argument 2 names different: declaration 'middleware' definition 'middlewareName'."
"mama/c_cpp/src/c/mama/mama.h:445 -> mama/c_cpp/src/c/mama.c:1778","(style, inconclusive) Function 'mama_startBackgroundEx' argument 2 names different: declaration 'callback' definition 'exCallback'."
"mama/c_cpp/src/c/mama/msgfield.h:43 -> mama/c_cpp/src/c/msgfield.c:51","(style, inconclusive) Function 'mamaMsgField_create' argument 1 names different: declaration 'msgField' definition 'field'."
"mama/c_cpp/src/c/mama/msgfield.h:52 -> mama/c_cpp/src/c/msgfield.c:75","(style, inconclusive) Function 'mamaMsgField_destroy' argument 1 names different: declaration 'msgField' definition 'field'."
"mama/c_cpp/src/c/mama/msgfield.h:542 -> mama/c_cpp/src/c/msgfield.c:726","(style, inconclusive) Function 'mamaMsgField_getVectorMsg' argument 3 names different: declaration 'size' definition 'resultLen'."
"mama/c_cpp/src/c/mama/msgfield.h:557 -> mama/c_cpp/src/c/msgfield.c:818","(style, inconclusive) Function 'mamaMsgField_getAsString' argument 1 names different: declaration 'field' definition 'msgField'."
"mama/c_cpp/src/c/mama/msgfield.h:559 -> mama/c_cpp/src/c/msgfield.c:820","(style, inconclusive) Function 'mamaMsgField_getAsString' argument 3 names different: declaration 'length' definition 'len'."
"mama/c_cpp/src/c/mama/msg.h:1074 -> mama/c_cpp/src/c/msg.c:2222","(style, inconclusive) Function 'mamaMsg_applyMsg' argument 1 names different: declaration 'dest' definition 'msg'."
"mama/c_cpp/src/c/mama/msg.h:1098 -> mama/c_cpp/src/c/msg.c:3371","(style, inconclusive) Function 'mamaMsg_getReplyHandle' argument 2 names different: declaration 'replyHandle' definition 'handle'."
"mama/c_cpp/src/c/mama/msg.h:1110 -> mama/c_cpp/src/c/msg.c:3357","(style, inconclusive) Function 'mamaMsg_setReplyHandle' argument 2 names different: declaration 'replyHandle' definition 'handle'."
"mama/c_cpp/src/c/mama/msg.h:1121 -> mama/c_cpp/src/c/msg.c:3386","(style, inconclusive) Function 'mamaMsg_copyReplyHandle' argument 1 names different: declaration 'src' definition 'srcHandle'."
"mama/c_cpp/src/c/mama/msg.h:1129 -> mama/c_cpp/src/c/msg.c:3401","(style, inconclusive) Function 'mamaMsg_destroyReplyHandle' argument 1 names different: declaration 'replyHandle' definition 'handle'."
"mama/c_cpp/src/c/mama/msg.h:1143 -> mama/c_cpp/src/c/msg.c:2247","(style, inconclusive) Function 'mamaMsg_updateSubMsg' argument 2 names different: declaration 'fname' definition 'name'."
"mama/c_cpp/src/c/mama/msg.h:1145 -> mama/c_cpp/src/c/msg.c:2249","(style, inconclusive) Function 'mamaMsg_updateSubMsg' argument 4 names different: declaration 'subMsg' definition 'value'."
"mama/c_cpp/src/c/mama/msg.h:1160 -> mama/c_cpp/src/c/msg.c:2361","(style, inconclusive) Function 'mamaMsg_updateVectorMsg' argument 2 names different: declaration 'fname' definition 'name'."
"mama/c_cpp/src/c/mama/msg.h:1162 -> mama/c_cpp/src/c/msg.c:2363","(style, inconclusive) Function 'mamaMsg_updateVectorMsg' argument 4 names different: declaration 'msgList' definition 'value'."
"mama/c_cpp/src/c/mama/msg.h:1178 -> mama/c_cpp/src/c/msg.c:2381","(style, inconclusive) Function 'mamaMsg_updateVectorString' argument 2 names different: declaration 'fname' definition 'name'."
"mama/c_cpp/src/c/mama/msg.h:1180 -> mama/c_cpp/src/c/msg.c:2383","(style, inconclusive) Function 'mamaMsg_updateVectorString' argument 4 names different: declaration 'strList' definition 'value'."
"mama/c_cpp/src/c/mama/msg.h:1196 -> mama/c_cpp/src/c/msg.c:2402","(style, inconclusive) Function 'mamaMsg_updateVectorBool' argument 2 names different: declaration 'fname' definition 'name'."
"mama/c_cpp/src/c/mama/msg.h:1198 -> mama/c_cpp/src/c/msg.c:2404","(style, inconclusive) Function 'mamaMsg_updateVectorBool' argument 4 names different: declaration 'boolList' definition 'value'."
"mama/c_cpp/src/c/mama/msg.h:1214 -> mama/c_cpp/src/c/msg.c:2423","(style, inconclusive) Function 'mamaMsg_updateVectorChar' argument 2 names different: declaration 'fname' definition 'name'."
"mama/c_cpp/src/c/mama/msg.h:1216 -> mama/c_cpp/src/c/msg.c:2425","(style, inconclusive) Function 'mamaMsg_updateVectorChar' argument 4 names different: declaration 'charList' definition 'value'."
"mama/c_cpp/src/c/mama/msg.h:1232 -> mama/c_cpp/src/c/msg.c:2444","(style, inconclusive) Function 'mamaMsg_updateVectorI8' argument 2 names different: declaration 'fname' definition 'name'."
"mama/c_cpp/src/c/mama/msg.h:1234 -> mama/c_cpp/src/c/msg.c:2446","(style, inconclusive) Function 'mamaMsg_updateVectorI8' argument 4 names different: declaration 'i8List' definition 'value'."
"mama/c_cpp/src/c/mama/msg.h:1250 -> mama/c_cpp/src/c/msg.c:2464","(style, inconclusive) Function 'mamaMsg_updateVectorU8' argument 2 names different: declaration 'fname' definition 'name'."
"mama/c_cpp/src/c/mama/msg.h:1252 -> mama/c_cpp/src/c/msg.c:2466","(style, inconclusive) Function 'mamaMsg_updateVectorU8' argument 4 names different: declaration 'u8List' definition 'value'."
"mama/c_cpp/src/c/mama/msg.h:1268 -> mama/c_cpp/src/c/msg.c:2485","(style, inconclusive) Function 'mamaMsg_updateVectorI16' argument 2 names different: declaration 'fname' definition 'name'."
"mama/c_cpp/src/c/mama/msg.h:1270 -> mama/c_cpp/src/c/msg.c:2487","(style, inconclusive) Function 'mamaMsg_updateVectorI16' argument 4 names different: declaration 'i16List' definition 'value'."
"mama/c_cpp/src/c/mama/msg.h:1286 -> mama/c_cpp/src/c/msg.c:2505","(style, inconclusive) Function 'mamaMsg_updateVectorU16' argument 2 names different: declaration 'fname' definition 'name'."
"mama/c_cpp/src/c/mama/msg.h:1288 -> mama/c_cpp/src/c/msg.c:2507","(style, inconclusive) Function 'mamaMsg_updateVectorU16' argument 4 names different: declaration 'u16List' definition 'value'."
"mama/c_cpp/src/c/mama/msg.h:1304 -> mama/c_cpp/src/c/msg.c:2525","(style, inconclusive) Function 'mamaMsg_updateVectorI32' argument 2 names different: declaration 'fname' definition 'name'."
"mama/c_cpp/src/c/mama/msg.h:1306 -> mama/c_cpp/src/c/msg.c:2527","(style, inconclusive) Function 'mamaMsg_updateVectorI32' argument 4 names different: declaration 'i32List' definition 'value'."
"mama/c_cpp/src/c/mama/msg.h:1322 -> mama/c_cpp/src/c/msg.c:2545","(style, inconclusive) Function 'mamaMsg_updateVectorU32' argument 2 names different: declaration 'fname' definition 'name'."
"mama/c_cpp/src/c/mama/msg.h:1324 -> mama/c_cpp/src/c/msg.c:2547","(style, inconclusive) Function 'mamaMsg_updateVectorU32' argument 4 names different: declaration 'u32List' definition 'value'."
"mama/c_cpp/src/c/mama/msg.h:1340 -> mama/c_cpp/src/c/msg.c:2565","(style, inconclusive) Function 'mamaMsg_updateVectorI64' argument 2 names different: declaration 'fname' definition 'name'."
"mama/c_cpp/src/c/mama/msg.h:1342 -> mama/c_cpp/src/c/msg.c:2567","(style, inconclusive) Function 'mamaMsg_updateVectorI64' argument 4 names different: declaration 'i64List' definition 'value'."
"mama/c_cpp/src/c/mama/msg.h:1358 -> mama/c_cpp/src/c/msg.c:2585","(style, inconclusive) Function 'mamaMsg_updateVectorU64' argument 2 names different: declaration 'fname' definition 'name'."
"mama/c_cpp/src/c/mama/msg.h:1360 -> mama/c_cpp/src/c/msg.c:2587","(style, inconclusive) Function 'mamaMsg_updateVectorU64' argument 4 names different: declaration 'u64List' definition 'value'."
"mama/c_cpp/src/c/mama/msg.h:1376 -> mama/c_cpp/src/c/msg.c:2605","(style, inconclusive) Function 'mamaMsg_updateVectorF32' argument 2 names different: declaration 'fname' definition 'name'."
"mama/c_cpp/src/c/mama/msg.h:1378 -> mama/c_cpp/src/c/msg.c:2607","(style, inconclusive) Function 'mamaMsg_updateVectorF32' argument 4 names different: declaration 'f32List' definition 'value'."
"mama/c_cpp/src/c/mama/msg.h:1394 -> mama/c_cpp/src/c/msg.c:2625","(style, inconclusive) Function 'mamaMsg_updateVectorF64' argument 2 names different: declaration 'fname' definition 'name'."
"mama/c_cpp/src/c/mama/msg.h:1396 -> mama/c_cpp/src/c/msg.c:2627","(style, inconclusive) Function 'mamaMsg_updateVectorF64' argument 4 names different: declaration 'f64List' definition 'value'."
"mama/c_cpp/src/c/mama/msg.h:1412 -> mama/c_cpp/src/c/msg.c:2341","(style, inconclusive) Function 'mamaMsg_updateVectorPrice' argument 2 names different: declaration 'fname' definition 'name'."
"mama/c_cpp/src/c/mama/msg.h:1414 -> mama/c_cpp/src/c/msg.c:2343","(style, inconclusive) Function 'mamaMsg_updateVectorPrice' argument 4 names different: declaration 'priceList' definition 'value'."
"mama/c_cpp/src/c/mama/msg.h:1430 -> mama/c_cpp/src/c/msg.c:2321","(style, inconclusive) Function 'mamaMsg_updateVectorTime' argument 2 names different: declaration 'fname' definition 'name'."
"mama/c_cpp/src/c/mama/msg.h:1432 -> mama/c_cpp/src/c/msg.c:2323","(style, inconclusive) Function 'mamaMsg_updateVectorTime' argument 4 names different: declaration 'timeList' definition 'value'."
"mama/c_cpp/src/c/mama/msg.h:2051 -> mama/c_cpp/src/c/msg.c:3158","(style, inconclusive) Function 'mamaMsg_getVectorMsg' argument 4 names different: declaration 'result' definition 'result0'."
"mama/c_cpp/src/c/mama/msg.h:2066 -> mama/c_cpp/src/c/msg.c:912","(style, inconclusive) Function 'mamaMsg_getNumFields' argument 2 names different: declaration 'numFields' definition 'result'."
"mama/c_cpp/src/c/mama/msg.h:2107 -> mama/c_cpp/src/c/msg.c:2644","(style, inconclusive) Function 'mamaMsg_getEntitleCode' argument 2 names different: declaration 'code' definition 'entitleCode'."
"mama/c_cpp/src/c/mama/msg.h:2120 -> mama/c_cpp/src/c/msg.c:3416","(style, inconclusive) Function 'mamaMsg_getSeqNum' argument 2 names different: declaration 'seqNum' definition 'rval'."
"mama/c_cpp/src/c/mama/msg.h:2168 -> mama/c_cpp/src/c/msg.c:2723","(style, inconclusive) Function 'mamaMsg_getFieldAsString' argument 5 names different: declaration 'length' definition 'len'."
"mama/c_cpp/src/c/mama/msg.h:2193 -> mama/c_cpp/src/c/msg.c:2763","(style, inconclusive) Function 'mamaMsg_iterateFields' argument 2 names different: declaration 'callback' definition 'cb'."
"mama/c_cpp/src/c/mama/msgqualifier.h:274 -> mama/c_cpp/src/c/msgqualifier.c:252","(style, inconclusive) Function 'mamaMsgQual_getAsString' argument 3 names different: declaration 'str' definition 'buf'."
"mama/c_cpp/src/c/mama/msgqualifier.h:275 -> mama/c_cpp/src/c/msgqualifier.c:253","(style, inconclusive) Function 'mamaMsgQual_getAsString' argument 4 names different: declaration 'maxLen' definition 'bufMaxLen'."
"mama/c_cpp/src/c/mama/msgqualifier.h:291 -> mama/c_cpp/src/c/msgqualifier.c:268","(style, inconclusive) Function 'mamaMsgQual_valueToString' argument 3 names different: declaration 'str' definition 'buf'."
"mama/c_cpp/src/c/mama/msgqualifier.h:292 -> mama/c_cpp/src/c/msgqualifier.c:269","(style, inconclusive) Function 'mamaMsgQual_valueToString' argument 4 names different: declaration 'maxLen' definition 'bufMaxLen'."
"mama/c_cpp/src/c/mama/msgqualifier.h:50 -> mama/c_cpp/src/c/msgqualifier.c:47","(style, inconclusive) Function 'mamaMsgQual_create' argument 1 names different: declaration 'msgQual' definition 'result'."
"mama/c_cpp/src/c/mama/msgstatus.h:117 -> mama/c_cpp/src/c/msgstatus.c:44","(style, inconclusive) Function 'mamaMsgStatus_stringForStatus' argument 1 names different: declaration 'type' definition 'status'."
"mama/c_cpp/src/c/mama/price.h:324 -> mama/c_cpp/src/c/price.c:297","(style, inconclusive) Function 'mamaPrice_getAsString' argument 2 names different: declaration 'str' definition 'buf'."
"mama/c_cpp/src/c/mama/price.h:325 -> mama/c_cpp/src/c/price.c:298","(style, inconclusive) Function 'mamaPrice_getAsString' argument 3 names different: declaration 'maxLen' definition 'bufMaxLen'."
"mama/c_cpp/src/c/mama/source.h:123 -> mama/c_cpp/src/c/source.c:212","(style, inconclusive) Function 'mamaSource_setState' argument 2 names different: declaration 'quality' definition 'state'."
"mama/c_cpp/src/c/mama/source.h:150 -> mama/c_cpp/src/c/source.c:247","(style, inconclusive) Function 'mamaSource_setSymbolNamespace' argument 2 names different: declaration 'symbolNamespace' definition 'symbolNameSpace'."
"mama/c_cpp/src/c/mama/source.h:269 -> mama/c_cpp/src/c/source.c:406","(style, inconclusive) Function 'mamaSource_getSymbolNamespace' argument 2 names different: declaration 'symbolNamespace' definition 'symbolNameSpace'."
"mama/c_cpp/src/c/mama/sourceman.h:159 -> mama/c_cpp/src/c/sourceman.c:238","(style, inconclusive) Function 'mamaSourceManager_iterateSources' argument 1 names different: declaration 'sourceGroup' definition 'sourceManager'."
"mama/c_cpp/src/c/mama/stat.h:73 -> mama/c_cpp/src/c/stat.c:49","(style, inconclusive) Function 'mamaStat_create' argument 2 names different: declaration 'collector' definition 'statsCollector'."
"mama/c_cpp/src/c/mama/stat.h:73 -> mama/c_cpp/src/c/stat.c:49","(style, inconclusive) Function 'mamaStat_create' argument 5 names different: declaration 'type' definition 'fid'."
"mama/c_cpp/src/c/mama/statslogger.h:202 -> mama/c_cpp/src/c/statslogger.c:508","(style, inconclusive) Function 'mamaStatsLogger_setApplicationName' argument 2 names different: declaration 'appName' definition 'applicationName'."
"mama/c_cpp/src/c/mama/statslogger.h:213 -> mama/c_cpp/src/c/statslogger.c:521","(style, inconclusive) Function 'mamaStatsLogger_getApplicationName' argument 2 names different: declaration 'appName' definition 'applicationName'."
"mama/c_cpp/src/c/mama/statslogger.h:224 -> mama/c_cpp/src/c/statslogger.c:532","(style, inconclusive) Function 'mamaStatsLogger_setApplicationClass' argument 2 names different: declaration 'applClass' definition 'applicationClass'."
"mama/c_cpp/src/c/mama/statslogger.h:235 -> mama/c_cpp/src/c/statslogger.c:545","(style, inconclusive) Function 'mamaStatsLogger_getApplicationClass' argument 2 names different: declaration 'appClass' definition 'applicationClass'."
"mama/c_cpp/src/c/mama/statslogger.h:333 -> mama/c_cpp/src/c/statslogger.c:778","(style, inconclusive) Function 'mamaStatsLogger_incMsgCount' argument 1 names different: declaration 'statsLogger' definition 'logger'."
"mama/c_cpp/src/c/mama/subscmsgtype.h:64 -> mama/c_cpp/src/c/subscmsgtype.c:26","(style, inconclusive) Function 'MamaSubscMsgTypeStr' argument 1 names different: declaration 'msgType' definition 'type'."
"mama/c_cpp/src/c/mama/subscription.h:1139 -> mama/c_cpp/src/c/subscription.c:2006","(style, inconclusive) Function 'mamaSubscription_setMsgQualifierFilter' argument 4 names different: declaration 'ignoreDefinitelyDelayed' definition 'ignoreDefinitelyDelyaed'."
"mama/c_cpp/src/c/mama/subscription.h:411 -> mama/c_cpp/src/c/subscription.c:902","(style, inconclusive) Function 'mamaSubscription_createBasic' argument 5 names different: declaration 'symbol' definition 'topic'."
"mama/c_cpp/src/c/mama/subscription.h:595 -> mama/c_cpp/src/c/subscription.c:1995","(style, inconclusive) Function 'mamaSubscription_getAppDataType' argument 2 names different: declaration 'appDataType' definition 'val'."
"mama/c_cpp/src/c/mama/subscription.h:674 -> mama/c_cpp/src/c/subscription.c:2063","(style, inconclusive) Function 'mamaSubscription_getMsgQualifierFilter' argument 4 names different: declaration 'ignoreDefinitelyDelayed' definition 'ignoreDefinitelyDelyaed'."
"mama/c_cpp/src/c/mama/subscription.h:695 -> mama/c_cpp/src/c/subscription.c:1824","(style, inconclusive) Function 'mamaSubscription_getPlatformError' argument 1 names different: declaration 'subsc' definition 'subscription'."
"mama/c_cpp/src/c/mama/subscription.h:728 -> mama/c_cpp/src/c/subscription.c:1698","(style, inconclusive) Function 'mamaSubscription_getQueue' argument 2 names different: declaration 'queue' definition 'result'."
"mama/c_cpp/src/c/mama/subscription.h:762 -> mama/c_cpp/src/c/subscription.c:1164","(style, inconclusive) Function 'mamaSubscription_getRecoverGaps' argument 2 names different: declaration 'doesRecover' definition 'result'."
"mama/c_cpp/src/c/mama/subscription.h:795 -> mama/c_cpp/src/c/subscription.c:1973","(style, inconclusive) Function 'mamaSubscription_getRetries' argument 2 names different: declaration 'retries' definition 'val'."
"mama/c_cpp/src/c/mama/subscription.h:829 -> mama/c_cpp/src/c/subscription.c:1795","(style, inconclusive) Function 'mamaSubscription_getServiceLevelOpt' argument 2 names different: declaration 'serviceLevel' definition 'serviceLevelOpt'."
"mama/c_cpp/src/c/mama/subscription.h:940 -> mama/c_cpp/src/c/subscription.c:1916","(style, inconclusive) Function 'mamaSubscription_getTimeout' argument 2 names different: declaration 'timeout' definition 'val'."
"mama/c_cpp/src/c/mama/subscription.h:956 -> mama/c_cpp/src/c/subscription.c:1941","(style, inconclusive) Function 'mamaSubscription_getRecapTimeout' argument 2 names different: declaration 'timeout' definition 'val'."
"mama/c_cpp/src/c/mama/subscription.h:972 -> mama/c_cpp/src/c/subscription.c:1689","(style, inconclusive) Function 'mamaSubscription_getTransport' argument 2 names different: declaration 'transport' definition 'result'."
"mama/c_cpp/src/c/mama/subscriptiontype.h:50 -> mama/c_cpp/src/c/subscriptiontype.c:24","(style, inconclusive) Function 'MamaSubscTypeStr' argument 1 names different: declaration 'subtype' definition 'type'."
"mama/c_cpp/src/c/mama/symbollist.h:119 -> mama/c_cpp/src/c/symbollist.c:96","(style, inconclusive) Function 'mamaSymbolList_allocate' argument 1 names different: declaration 'symbolList' definition 'result'."
"mama/c_cpp/src/c/mama/timer.h:188 -> mama/c_cpp/src/c/timer.c:299","(style, inconclusive) Function 'mamaTimer_getQueue' argument 2 names different: declaration 'queue' definition 'result'."
"mama/c_cpp/src/c/mama/transport.h:233 -> mama/c_cpp/src/c/transport.c:1780","(style, inconclusive) Function 'mamaTransport_setWriteQueueWatermarks' argument 2 names different: declaration 'highWater' definition 'high'."
"mama/c_cpp/src/c/mama/transport.h:234 -> mama/c_cpp/src/c/transport.c:1781","(style, inconclusive) Function 'mamaTransport_setWriteQueueWatermarks' argument 3 names different: declaration 'lowWater' definition 'low'."
"mama/c_cpp/src/c/mama/transport.h:519 -> mama/c_cpp/src/c/transport.c:2237","(style, inconclusive) Function 'mamaTransport_freeAllConnections' argument 2 names different: declaration 'result' definition 'connections'."
"mama/c_cpp/src/c/mama/transport.h:539 -> mama/c_cpp/src/c/transport.c:2277","(style, inconclusive) Function 'mamaTransport_freeAllServerConnections' argument 2 names different: declaration 'result' definition 'connections'."
"mama/c_cpp/src/c/mamautils.c:82 -> mama/c_cpp/src/c/mamautils.c:83","(style) Variable 'pipePosition' is reassigned a value before the old one has been used."
"mama/c_cpp/src/c/msg.c:2829","(style) Consecutive return, break, continue, goto or throw statements are unnecessary."
"mama/c_cpp/src/c/msg.c:2850","(style) Consecutive return, break, continue, goto or throw statements are unnecessary."
"mama/c_cpp/src/c/msg.c:2871","(style) Consecutive return, break, continue, goto or throw statements are unnecessary."
"mama/c_cpp/src/c/msg.c:2892","(style) Consecutive return, break, continue, goto or throw statements are unnecessary."
"mama/c_cpp/src/c/msg.c:3162","(style) The scope of the variable 'i' can be reduced."
"mama/c_cpp/src/c/msg.c:3576 -> mama/c_cpp/src/c/msg.c:3578","(style) Variable 'localiterator' is reassigned a value before the old one has been used."
"mama/c_cpp/src/c/msg.c:3619 -> mama/c_cpp/src/c/msg.c:3617","(warning, inconclusive) Either the condition '!impl' is redundant or there is possible null pointer dereference: impl."
"mama/c_cpp/src/c/msg.c:3652 -> mama/c_cpp/src/c/msg.c:3651","(warning, inconclusive) Either the condition '!impl' is redundant or there is possible null pointer dereference: impl."
"mama/c_cpp/src/c/msg.c:3674 -> mama/c_cpp/src/c/msg.c:3673","(warning, inconclusive) Either the condition '!impl' is redundant or there is possible null pointer dereference: impl."
"mama/c_cpp/src/c/msgfield.c:108 -> mama/c_cpp/src/c/msgfield.c:109","(style) Variable 'status' is reassigned a value before the old one has been used."
"mama/c_cpp/src/c/msgfield.c:474 -> mama/c_cpp/src/c/msgfield.c:476","(style) Variable 'status' is reassigned a value before the old one has been used."
"mama/c_cpp/src/c/msgfield.c:742","(style) The scope of the variable 'i' can be reduced."
"mama/c_cpp/src/c/msgimpl.h:108 -> mama/c_cpp/src/c/msg.c:462","(style, inconclusive) Function 'mamaMsgImpl_setPayload' argument 3 names different: declaration 'ownsPayload' definition 'owner'."
"mama/c_cpp/src/c/msgimpl.h:53 -> mama/c_cpp/src/c/msg.c:690","(style, inconclusive) Function 'mamaMsgImpl_createForPayload' argument 4 names different: declaration 'noDeletePayload' definition 'owner'."
"mama/c_cpp/src/c/msgutils.h:101 -> mama/c_cpp/src/c/msgutils.c:187","(style, inconclusive) Function 'msgUtils_createRecoveryRequestMsg' argument 1 names different: declaration 'subsc' definition 'subscription'."
"mama/c_cpp/src/c/playback/playbackcapture.c:151","(style) The scope of the variable 'temp' can be reduced."
"mama/c_cpp/src/c/playback/playbackcapture.c:225","(style) The scope of the variable 'delim' can be reduced."
"mama/c_cpp/src/c/playback/playbackcapture.c:227","(style) The scope of the variable 'captureBuffer' can be reduced."
"mama/c_cpp/src/c/playback/playbackcapture.c:281","(portability) Non reentrant function 'localtime' called. For threadsafe applications it is recommended to use the reentrant replacement function 'localtime_r'."
"mama/c_cpp/src/c/playback/playbackcapture.h:106 -> mama/c_cpp/src/c/playback/playbackcapture.c:203","(style, inconclusive) Function 'mamaCapture_getFeedSource' argument 2 names different: declaration 'source' definition 'sourceName'."
"mama/c_cpp/src/c/playback/playbackcapture.h:150 -> mama/c_cpp/src/c/playback/playbackcapture.c:319","(style, inconclusive) Function 'mamaCapture_getTransportName' argument 2 names different: declaration 'transport' definition 'transportName'."
"mama/c_cpp/src/c/playback/playbackFileParser.c:217","(style) Variable 'i' is assigned a value that is never used."
"mama/c_cpp/src/c/playback/playbackFileParser.c:279","(style) Variable 'fileStatus' is assigned a value that is never used."
"mama/c_cpp/src/c/playback/playbackFileParser.c:329 -> mama/c_cpp/src/c/playback/playbackFileParser.c:333","(style) Variable 'temp' is reassigned a value before the old one has been used."
"mama/c_cpp/src/c/playback/playbackFileParser.c:330","(style) Unused variable: nPos"
"mama/c_cpp/src/c/playback/playbackFileParser.c:53","(style) The scope of the variable 'c' can be reduced."
"mama/c_cpp/src/c/playback/playbackpublisher.c:217","(style) The scope of the variable 'result' can be reduced."
"mama/c_cpp/src/c/playback/playbackpublisher.c:218 -> mama/c_cpp/src/c/playback/playbackpublisher.c:221","(style) Variable 'tempTransport' is reassigned a value before the old one has been used."
"mama/c_cpp/src/c/playback/playbackpublisher.c:273","(style) The scope of the variable 'nPos' can be reduced."
"mama/c_cpp/src/c/playback/playbackpublisher.c:274","(style) The scope of the variable 'topic' can be reduced."
"mama/c_cpp/src/c/playback/playbackpublisher.c:275","(style) The scope of the variable 'keyCopy' can be reduced."
"mama/c_cpp/src/c/playback/playbackpublisher.c:277","(style) The scope of the variable 'result' can be reduced."
"mama/c_cpp/src/c/playback/playbackpublisher.c:278 -> mama/c_cpp/src/c/playback/playbackpublisher.c:282","(style) Variable 'tempPublisher' is reassigned a value before the old one has been used."
"mama/c_cpp/src/c/playback/playbackpublisher.c:408","(style) The scope of the variable 'position' can be reduced."
"mama/c_cpp/src/c/playback/playbackpublisher.c:630 -> mama/c_cpp/src/c/playback/playbackpublisher.c:636","(style) Variable 'transport' is reassigned a value before the old one has been used."
"mama/c_cpp/src/c/plugin.c:229","(style) The scope of the variable 'loadPluginName' can be reduced."
"mama/c_cpp/src/c/price.c:222","(style) The scope of the variable 'multiplier' can be reduced."
"mama/c_cpp/src/c/price.c:223","(style) The scope of the variable 'i' can be reduced."
"mama/c_cpp/src/c/price.c:225","(style) The scope of the variable 'tempval' can be reduced."
"mama/c_cpp/src/c/publisher.c:571 -> mama/c_cpp/src/c/publisher.c:576","(style) Variable 'status' is reassigned a value before the old one has been used."
"mama/c_cpp/src/c/publisher.c:633 -> mama/c_cpp/src/c/publisher.c:639","(style) Variable 'status' is reassigned a value before the old one has been used."
"mama/c_cpp/src/c/publisher.c:727 -> mama/c_cpp/src/c/publisher.c:730","(style) Variable 'c' is reassigned a value before the old one has been used."
"mama/c_cpp/src/c/queue.c:1042 -> mama/c_cpp/src/c/queue.c:1044","(style) Variable 'impl->mQueueName' is reassigned a value before the old one has been used."
"mama/c_cpp/src/c/queue.c:814","(style) Variable 'status' is assigned a value that is never used."
"mama/c_cpp/src/c/refreshtransport.h:43 -> mama/c_cpp/src/c/refreshtransport.c:429","(style, inconclusive) Function 'refreshTransport_resetRefreshForListener' argument 1 names different: declaration 'transport' definition 'impl'."
"mama/c_cpp/src/c/refreshtransport.h:51 -> mama/c_cpp/src/c/refreshtransport.c:443","(style, inconclusive) Function 'refreshTransport_removeListener' argument 1 names different: declaration 'transport' definition 'impl'."
"mama/c_cpp/src/c/senderId.c:39 -> mama/c_cpp/src/c/senderId.c:41","(style) Variable 'ip' is reassigned a value before the old one has been used."
"mama/c_cpp/src/c/senderId.c:67","(style) Obsolescent function 'gethostbyname' called. It is recommended to use 'getaddrinfo' instead."
"mama/c_cpp/src/c/sourceman.c:58","(error) Memory leak: impl"
"mama/c_cpp/src/c/stat.c:280","(style) The scope of the variable 'current' can be reduced."
"mama/c_cpp/src/c/statinternal.h:40 -> mama/c_cpp/src/c/stat.c:327","(style, inconclusive) Function 'mamaStat_setPollCallback' argument 2 names different: declaration 'callback' definition 'cb'."
"mama/c_cpp/src/c/statscollectorinternal.h:69 -> mama/c_cpp/src/c/statscollector.c:99","(style, inconclusive) Function 'mamaStatsCollector_setStatIntervalValueFromTotal' argument 2 names different: declaration 'identifier' definition 'identifer'."
"mama/c_cpp/src/c/statsgeneratorinternal.h:34 -> mama/c_cpp/src/c/statsgenerator.c:51","(style, inconclusive) Function 'mamaStatsGenerator_create' argument 2 names different: declaration 'reportInterval' definition 'interval'."
"mama/c_cpp/src/c/statsgeneratorinternal.h:66 -> mama/c_cpp/src/c/statsgenerator.c:162","(style, inconclusive) Function 'mamaStatsGenerator_generateStats' argument 1 names different: declaration 'statsgenerator' definition 'statsGenerator'."
"mama/c_cpp/src/c/statsgeneratorinternal.h:70 -> mama/c_cpp/src/c/statsgenerator.c:99","(style, inconclusive) Function 'mamaStatsGenerator_setQueue' argument 1 names different: declaration 'statsgenerator' definition 'statsGenerator'."
"mama/c_cpp/src/c/statslogger.c:1002 -> mama/c_cpp/src/c/statslogger.c:1006","(style) Variable 'status' is reassigned a value before the old one has been used."
"mama/c_cpp/src/c/statslogger.c:1034","(style) Variable 'status' is assigned a value that is never used."
"mama/c_cpp/src/c/statslogger.c:673 -> mama/c_cpp/src/c/statslogger.c:678","(style) Variable 'status' is reassigned a value before the old one has been used."
"mama/c_cpp/src/c/statslogger.c:731","(style) Condition 'status!=MAMA_STATUS_OK' is always false"
"mama/c_cpp/src/c/statslogger.c:920 -> mama/c_cpp/src/c/statslogger.c:924","(style) Variable 'status' is reassigned a value before the old one has been used."
"mama/c_cpp/src/c/statslogger.c:932","(style) Variable 'status' is assigned a value that is never used."
"mama/c_cpp/src/c/statslogger.c:944","(style) The scope of the variable 'i' can be reduced."
"mama/c_cpp/src/c/subscription.c:1178","(style) Variable 'entitlementStatus' is assigned a value that is never used."
"mama/c_cpp/src/c/subscription.c:2124","(style) The scope of the variable 'allowed' can be reduced."
"mama/c_cpp/src/c/subscription.c:2174","(style) The scope of the variable 'allowed' can be reduced."
"mama/c_cpp/src/c/subscription.c:2227","(style) The scope of the variable 'allowed' can be reduced."
"mama/c_cpp/src/c/subscription.c:2507 -> mama/c_cpp/src/c/subscription.c:2513","(style) Variable 'bridge' is reassigned a value before the old one has been used."
"mama/c_cpp/src/c/subscription.c:363 -> mama/c_cpp/src/c/subscription.c:365","(style) Variable 'impl' is reassigned a value before the old one has been used."
"mama/c_cpp/src/c/subscriptionimpl.h:325 -> mama/c_cpp/src/c/subscription.c:1121","(style, inconclusive) Function 'mamaSubscription_hasWildcards' argument 1 names different: declaration 'subsc' definition 'subscription'."
"mama/c_cpp/src/c/subscriptionimpl.h:391 -> mama/c_cpp/src/c/subscription.c:2222","(style, inconclusive) Function 'mamaSubscription_processMsg' argument 2 names different: declaration 'message' definition 'msg'."
"mama/c_cpp/src/c/subscriptionimpl.h:475 -> mama/c_cpp/src/c/subscription.c:1107","(style, inconclusive) Function 'mamaSubscription_respondToRefreshMessage' argument 1 names different: declaration 'subscription' definition 'impl'."
"mama/c_cpp/src/c/symbolmapfile.c:202 -> mama/c_cpp/src/c/symbolmapfile.c:204","(style) Variable 'rval' is reassigned a value before the old one has been used."
"mama/c_cpp/src/c/symbolmapfile.c:56","(style) struct member 'parseData_::symbologyCnt' is never used."
"mama/c_cpp/src/c/symbolmapfile.c:57","(style) struct member 'parseData_::mapCnt' is never used."
"mama/c_cpp/src/c/symbolmapfile.c:58","(style) struct member 'parseData_::toSymbolCnt' is never used."
"mama/c_cpp/src/c/symbolmapfile.c:59","(style) struct member 'parseData_::fromSymbolCnt' is never used."
"mama/c_cpp/src/c/symbolmapfile.c:60","(style) struct member 'parseData_::fromSymbol' is never used."
"mama/c_cpp/src/c/symbolmapfile.c:61","(style) struct member 'parseData_::toSymbol' is never used."
"mama/c_cpp/src/c/symbolmapfile.c:62","(style) struct member 'parseData_::impl' is never used."
"mama/c_cpp/src/c/symbolmapfile.c:63","(style) struct member 'parseData_::error' is never used."
"mama/c_cpp/src/c/syncresponder.c:111 -> mama/c_cpp/src/c/syncresponder.c:117","(style) Variable 'rval' is reassigned a value before the old one has been used."
"mama/c_cpp/src/c/syncresponder.c:126","(style) Variable 'rval' is assigned a value that is never used."
"mama/c_cpp/src/c/throttle.c:156","(style) Obsolescent function 'bzero' called. It is recommended to use 'memset' instead."
"mama/c_cpp/src/c/throttle.h:114 -> mama/c_cpp/src/c/throttle.c:205","(style, inconclusive) Function 'wombatThrottle_dispatch' argument 3 names different: declaration 'action' definition 'actionCb'."
"mama/c_cpp/src/c/timezone.c:304 -> mama/c_cpp/src/c/timezone.c:315","(style) Variable 'tzSaved' is reassigned a value before the old one has been used."
"mama/c_cpp/src/c/timezone.c:398","(style) Suspicious condition (assignment + comparison); Clarify expression with parentheses."
"mama/c_cpp/src/c/timezone.c:418","(style) The scope of the variable 'timeZones' can be reduced."
"mama/c_cpp/src/c/transport.c:256 -> mama/c_cpp/src/c/transport.c:260","(style) Variable 'transport' is reassigned a value before the old one has been used."
"mama/c_cpp/src/c/transport.c:269","(error) Memory leak: transport"
"mama/c_cpp/src/c/transport.c:2781 -> mama/c_cpp/src/c/transport.c:2783","(style) Variable 'handle' is reassigned a value before the old one has been used."
"mama/c_cpp/src/c/transport.c:278","(error) Memory leak: transport"
"mama/c_cpp/src/c/transport.c:308","(style) The scope of the variable 'propValue' can be reduced."
"mama/c_cpp/src/c/transport.c:309","(style) The scope of the variable 'propString' can be reduced."
"mama/c_cpp/src/c/transport.c:310","(style) The scope of the variable 'propStringMw' can be reduced."
"mama/c_cpp/src/c/transport.c:311","(style) The scope of the variable 'retVal' can be reduced."
"mama/c_cpp/src/c/transport.c:623","(style) The scope of the variable 'i' can be reduced."
"mama/c_cpp/src/c/transport.c:634","(style) The scope of the variable 'propNameBuf' can be reduced."
"mama/c_cpp/src/c/transport.c:635","(style) The scope of the variable 'entBridgeName' can be reduced."
"mama/c_cpp/src/c/transport.c:762 -> mama/c_cpp/src/c/transport.c:765","(style) Variable 'vp' is reassigned a value before the old one has been used."
"mama/c_cpp/src/c/transportimpl.h:154 -> mama/c_cpp/src/c/transport.c:2147","(style, inconclusive) Function 'mamaTransportImpl_resetRefreshForListener' argument 1 names different: declaration 'tport' definition 'transport'."
"mama/c_cpp/src/c/transportimpl.h:158 -> mama/c_cpp/src/c/transport.c:2006","(style, inconclusive) Function 'mamaTransportImpl_getTopicsAndTypesForSource' argument 1 names different: declaration 'tport' definition 'transport'."
"mama/c_cpp/src/c/transportimpl.h:167 -> mama/c_cpp/src/c/transport.c:2296","(style, inconclusive) Function 'mamaTransportImpl_isPossiblyStale' argument 1 names different: declaration 'tport' definition 'transport'."
"mama/c_cpp/src/c/transportimpl.h:171 -> mama/c_cpp/src/c/transport.c:2303","(style, inconclusive) Function 'mamaTransportImpl_unsetAllPossiblyStale' argument 1 names different: declaration 'tport' definition 'transport'."
"mama/c_cpp/src/c/transportimpl.h:175 -> mama/c_cpp/src/c/transport.c:2336","(style, inconclusive) Function 'mamaTransportImpl_getAdvisoryCauseAndPlatformInfo' argument 1 names different: declaration 'tport' definition 'transport'."
"mama/c_cpp/src/c/transportimpl.h:191 -> mama/c_cpp/src/c/transport.c:2370","(style, inconclusive) Function 'mamaTransportImpl_getTransportIndex' argument 1 names different: declaration 'tport' definition 'transport'."
"mama/c_cpp/src/c/transportimpl.h:192 -> mama/c_cpp/src/c/transport.c:2371","(style, inconclusive) Function 'mamaTransportImpl_getTransportIndex' argument 2 names different: declaration 'tportIndex' definition 'transportIndex'."
"mama/c_cpp/src/c/transportimpl.h:196 -> mama/c_cpp/src/c/transport.c:2475","(style, inconclusive) Function 'mamaTransportImpl_nextTransportIndex' argument 1 names different: declaration 'tport' definition 'transport'."
"mama/c_cpp/src/c/transportimpl.h:324 -> mama/c_cpp/src/c/transport.c:2829","(style, inconclusive) Function 'mamaTransportImpl_getEntitlementBridge' argument 1 names different: declaration 'tport' definition 'transport'."
"mama/c_cpp/src/c/transportimpl.h:69 -> mama/c_cpp/src/c/transport.c:1512","(style, inconclusive) Function 'mamaTransport_getBridgeTransportByIndex' argument 1 names different: declaration 'tport' definition 'transport'."
"mama/c_cpp/src/c/transportimpl.h:70 -> mama/c_cpp/src/c/transport.c:1513","(style, inconclusive) Function 'mamaTransport_getBridgeTransportByIndex' argument 2 names different: declaration 'tportIndex' definition 'index'."
"mama/c_cpp/src/c/transportimpl.h:77 -> mama/c_cpp/src/c/transport.c:1713","(style, inconclusive) Function 'mamaTransport_throttleRemoveForOwner' argument 3 names different: declaration 'handle' definition 'owner'."
"mama/c_cpp/src/c/transportimpl.h:94 -> mama/c_cpp/src/c/transport.c:1528","(style, inconclusive) Function 'mamaTransport_throttleAction' argument 8 names different: declaration 'handle' definition 'action'."
"/usr/include/apr-1/apr-x86_64.h:488","(error) #error no decision has been made on APR_PATH_MAX for your platform"
"/usr/include/bits/endian.h:4","(error) #error Never use <bits/endian.h> directly; include <endian.h> instead."
